{
    "joint_names": [
        "r1_joint_5", 
        "r2_joint_2", 
        "r1_joint_3", 
        "r2_cart_joint", 
        "r3_joint_6", 
        "r1_cart_joint", 
        "r2_joint_5", 
        "r1_joint_2", 
        "r3_joint_3", 
        "r3_joint_1", 
        "r1_joint_1", 
        "r3_joint_4", 
        "r3_joint_2", 
        "r1_joint_4", 
        "r2_joint_3", 
        "r1_joint_6", 
        "r2_joint_1", 
        "r2_joint_6", 
        "r3_joint_5", 
        "r2_joint_4"
    ], 
    "joint_types": [
        0, 
        0, 
        0, 
        2, 
        0, 
        2, 
        0, 
        0, 
        0, 
        0, 
        0, 
        0, 
        0, 
        0, 
        0, 
        0, 
        0, 
        0, 
        0, 
        0
    ], 
    "joint_values": [
        2.0406907043643967, 
        0.40819433944892303, 
        -1.0091283252787921, 
        3.4593992774926856, 
        0.50902971839235012, 
        0.52983836585740662, 
        1.3421175435872263, 
        0.34827846322338285, 
        0.58557562829329945, 
        0.68583278628416733, 
        0.61598316290949151, 
        -1.9711092667582186, 
        -0.28684521888351477, 
        -1.9854980235299344, 
        -0.30724622968420495, 
        -2.336431633087813, 
        -1.6347402295542319, 
        -1.4469214529567611, 
        0.64208044389772467, 
        0.47054253349752645
    ]
}