{
    "joint_names": [
        "r1_joint_5", 
        "r2_joint_2", 
        "r1_joint_3", 
        "r2_cart_joint", 
        "r3_joint_6", 
        "r1_cart_joint", 
        "r2_joint_5", 
        "r1_joint_2", 
        "r3_joint_3", 
        "r3_joint_1", 
        "r1_joint_1", 
        "r3_joint_4", 
        "r3_joint_2", 
        "r1_joint_4", 
        "r2_joint_3", 
        "r1_joint_6", 
        "r2_joint_1", 
        "r2_joint_6", 
        "r3_joint_5", 
        "r2_joint_4"
    ], 
    "joint_types": [
        0, 
        0, 
        0, 
        2, 
        0, 
        2, 
        0, 
        0, 
        0, 
        0, 
        0, 
        0, 
        0, 
        0, 
        0, 
        0, 
        0, 
        0, 
        0, 
        0
    ], 
    "joint_values": [
        1.064650843716541, 
        0.07169119015027714, 
        0.22689280275926285, 
        2.5823266177060007, 
        0.077754736422577464, 
        0.001, 
        1.0005230696325955, 
        0.26179938779914941, 
        -0.62590350432101394, 
        1.1068380679849503, 
        1.5358897417550099, 
        0.062986372953246411, 
        0.065875043215173568, 
        0.0, 
        -0.69017660282100302, 
        -1.5882496193148399, 
        -0.84650593121801265, 
        -0.81096079050640879, 
        0.37001726243295602, 
        1.0968482002938071
    ]
}