{
    "joint_names": [
        "r1_joint_5", 
        "r2_joint_2", 
        "r1_joint_3", 
        "r2_cart_joint", 
        "r3_joint_6", 
        "r1_cart_joint", 
        "r2_joint_5", 
        "r1_joint_2", 
        "r3_joint_3", 
        "r3_joint_1", 
        "r1_joint_1", 
        "r3_joint_4", 
        "r3_joint_2", 
        "r1_joint_4", 
        "r2_joint_3", 
        "r1_joint_6", 
        "r2_joint_1", 
        "r2_joint_6", 
        "r3_joint_5", 
        "r2_joint_4"
    ], 
    "joint_types": [
        0, 
        0, 
        0, 
        2, 
        0, 
        2, 
        0, 
        0, 
        0, 
        0, 
        0, 
        0, 
        0, 
        0, 
        0, 
        0, 
        0, 
        0, 
        0, 
        0
    ], 
    "joint_values": [
        0.88722187259147156, 
        0.13266990174087989, 
        0.14053471836584741, 
        0.15329653654380257, 
        0.73303828583761843, 
        3.8003541193830088, 
        1.3198895530737, 
        -0.23957223298471619, 
        0.43633231299858238, 
        2.3038346126325151, 
        0.42000012616755189, 
        0.0, 
        0.10471975511965978, 
        0.85335809760597747, 
        0.43237496780312096, 
        0.13532246176420795, 
        -0.29838490191823186, 
        -2.2370307747387117, 
        1.0122909661567112, 
        -1.7340193479307746
    ]
}