{
    "joint_values": [
        0,
        0,
        0,
        0,
        0,
        0,
        0,
        7.9290876388549805,
        57.86248016357422,
        -12.677143096923828,
        28.583349227905273,
        -48.94639587402344,
        93.92684173583984,
        -75.14364624023438
    ],
    "joint_types": [
        2,
        0,
        0,
        0,
        0,
        0,
        0,
        2,
        0,
        0,
        0,
        0,
        0,
        0
    ],
    "joint_names": [
        "r1_cart_joint",
        "r1_joint_1",
        "r1_joint_2",
        "r1_joint_3",
        "r1_joint_4",
        "r1_joint_5",
        "r1_joint_6",
        "r2_cart_joint",
        "r2_joint_1",
        "r2_joint_2",
        "r2_joint_3",
        "r2_joint_4",
        "r2_joint_5",
        "r2_joint_6"
    ]
}