{
    "joint_values": [
        0,
        0,
        0,
        0,
        0,
        0,
        0,
        654.6384887695312,
        -26.577024459838867,
        -32.346046447753906,
        34.90443801879883,
        61.43690872192383,
        77.94808197021484,
        -147.7411346435547
    ],
    "joint_types": [
        2,
        0,
        0,
        0,
        0,
        0,
        0,
        2,
        0,
        0,
        0,
        0,
        0,
        0
    ],
    "joint_names": [
        "r1_cart_joint",
        "r1_joint_1",
        "r1_joint_2",
        "r1_joint_3",
        "r1_joint_4",
        "r1_joint_5",
        "r1_joint_6",
        "r2_cart_joint",
        "r2_joint_1",
        "r2_joint_2",
        "r2_joint_3",
        "r2_joint_4",
        "r2_joint_5",
        "r2_joint_6"
    ]
}