{
    "joint_values": [
        0,
        0,
        0,
        0,
        0,
        0,
        0,
        654.6358642578125,
        -53.78113555908203,
        -48.51274871826172,
        52.326576232910156,
        52.047813415527344,
        95.34506225585938,
        -163.8807373046875
    ],
    "joint_types": [
        2,
        0,
        0,
        0,
        0,
        0,
        0,
        2,
        0,
        0,
        0,
        0,
        0,
        0
    ],
    "joint_names": [
        "r1_cart_joint",
        "r1_joint_1",
        "r1_joint_2",
        "r1_joint_3",
        "r1_joint_4",
        "r1_joint_5",
        "r1_joint_6",
        "r2_cart_joint",
        "r2_joint_1",
        "r2_joint_2",
        "r2_joint_3",
        "r2_joint_4",
        "r2_joint_5",
        "r2_joint_6"
    ]
}