{
    "joint_values": [
        0,
        0,
        0,
        0,
        0,
        0,
        0,
        7.9290876388549805,
        37.409297943115234,
        -4.56126594543457,
        2.955777883529663,
        -46.94871139526367,
        96.94287872314453,
        -16.704456329345703
    ],
    "joint_types": [
        2,
        0,
        0,
        0,
        0,
        0,
        0,
        2,
        0,
        0,
        0,
        0,
        0,
        0
    ],
    "joint_names": [
        "r1_cart_joint",
        "r1_joint_1",
        "r1_joint_2",
        "r1_joint_3",
        "r1_joint_4",
        "r1_joint_5",
        "r1_joint_6",
        "r2_cart_joint",
        "r2_joint_1",
        "r2_joint_2",
        "r2_joint_3",
        "r2_joint_4",
        "r2_joint_5",
        "r2_joint_6"
    ]
}