{
    "0": {
        "p_mid_xyz": [
            3.257106894,
            2.6147887392,
            2.4616495262
        ],
        "p_x1_xyz": [
            3.1762873966,
            2.6144460641,
            2.4620689817
        ],
        "p_y1_xyz": [
            3.2366757324,
            2.6138678263,
            2.4809849284
        ],
        "n_mid_xyz": [
            0.019703820665736678,
            -0.9997100264258891,
            -0.013842778432116435
        ]
    }
}