{
    "0": {
        "p_mid_xyz": [
            3.51559,
            2.32729,
            1.29486
        ],
        "p_x1_xyz": [
            3.51559,
            2.52729,
            1.29486
        ],
        "p_y1_xyz": [
            3.51559,
            2.32729,
            1.49486
        ],
        "n_mid_xyz": [
            -0.2177391427174034,
            0.21501251896847245,
            0.9520290344393508
        ]
    }
}