{
    "0": {
        "p_mid_xyz": [
            3.21966,
            1.57266,
            2.04734
        ],
        "p_x1_xyz": [
            3.21966,
            1.27266,
            2.04734
        ],
        "p_y1_xyz": [
            3.21966,
            1.57266,
            2.24734
        ],
        "n_mid_xyz": [
            -0.2177391427174034,
            0.21501251896847245,
            0.9520290344393508
        ]
    }
}