{
    "0": {
        "p_mid_xyz": [
            3.0945987393,
            2.5909469254,
            1.4124652586
        ],
        "p_x1_xyz": [
            3.0947468683,
            2.5916172502,
            1.3323917949
        ],
        "p_y1_xyz": [
            3.0950927219,
            2.6013050338,
            1.4026065765
        ],
        "n_mid_xyz": [
            0.9947327783662757,
            -0.08989728837779946,
            0.04924608802766513
        ]
    }
}