{
    "0": {
        "p_mid_xyz": [
            2.816557513,
            2.637720498,
            1.9410497184
        ],
        "p_x1_xyz": [
            2.8466439073,
            2.6374147386,
            1.8613553122
        ],
        "p_y1_xyz": [
            2.8087597859,
            2.6354975791,
            1.9017797467
        ],
        "n_mid_xyz": [
            0.06239026927269135,
            -0.996996101413312,
            0.045893660419910894
        ]
    }
}