{
    "0": {
        "p_mid_xyz": [
            3.38859,
            1.71707,
            1.25676
        ],
        "p_x1_xyz": [
            3.38859,
            1.71707,
            1.45676
        ],
        "p_y1_xyz": [
            3.58859,
            1.71707,
            1.25676
        ],
        "n_mid_xyz": [
            0.3203882776183573,
            -0.9472810307797818,
            -0.0031623234395725696
        ]
    }
}