{
    "0": {
        "p_mid_xyz": [
            3.0763369683,
            2.8036271973,
            2.4088904622
        ],
        "p_x1_xyz": [
            3.0763369683,
            2.9036271973,
            2.4088904622
        ],
        "p_y1_xyz": [
            3.1763369683,
            2.8036271973,
            2.4088904622
        ],
        "n_mid_xyz": [
            0.02560521497066745,
            0.3527777903094559,
            0.9353567253356784
        ]
    }
}