{
    "0": {
        "p_mid_xyz": [
            3.5130671875,
            2.5113565723,
            1.6811567432
        ],
        "p_x1_xyz": [
            3.5122243971,
            2.5124136591,
            1.5915193362
        ],
        "p_y1_xyz": [
            3.5128901993,
            2.5216734212,
            1.6214703643
        ],
        "n_mid_xyz": [
            0.9997282561237052,
            0.021126528525346397,
            -0.009853106125634534
        ]
    }
}