{
    "0": {
        "p_mid_xyz": [
            3.5026289063,
            2.9418450439,
            2.4049427002
        ],
        "p_x1_xyz": [
            3.5026289063,
            3.1418450439,
            2.4049427002
        ],
        "p_y1_xyz": [
            3.7026289063,
            2.9418450439,
            2.4049427002
        ],
        "n_mid_xyz": [
            -0.6254609483034032,
            0.2514595300846523,
            0.7386248756148235
        ]
    }
}