{
    "0": {
        "p_mid_xyz": [
            3.51559,
            1.71734,
            2.77348
        ],
        "p_x1_xyz": [
            3.48646,
            1.71789,
            2.75126
        ],
        "p_y1_xyz": [
            3.48633,
            1.75566,
            2.75236
        ],
        "n_mid_xyz": [
            0.9979286378378815,
            0.05697108416292324,
            -0.029878576812348717
        ]
    }
}