{
    "0": {
        "p_mid_xyz": [
            3.5338786203,
            2.3515874023,
            1.3509011998
        ],
        "p_x1_xyz": [
            3.5325192532,
            2.3811693047,
            1.2413326891
        ],
        "p_y1_xyz": [
            3.5337231775,
            2.3810893357,
            1.3014218585
        ],
        "n_mid_xyz": [
            0.999385515105228,
            0.004689186417878971,
            0.03473620198865214
        ]
    }
}