{
    "0": {
        "p_mid_xyz": [
            3.4655475817,
            2.0897832417,
            1.8437060932
        ],
        "p_x1_xyz": [
            3.4663150112,
            2.0901647775,
            1.7241664603
        ],
        "p_y1_xyz": [
            3.4557141876,
            2.0891400909,
            1.7635804749
        ],
        "n_mid_xyz": [
            0.08458121432434643,
            -0.9964127154802931,
            -0.002778239119932672
        ]
    }
}