{
    "0": {
        "p_mid_xyz": [
            3.19434,
            1.66019,
            2.16639
        ],
        "p_x1_xyz": [
            3.20592,
            1.66019,
            2.13162
        ],
        "p_y1_xyz": [
            3.20592,
            1.62241,
            2.13162
        ],
        "n_mid_xyz": [
            0.3203882776183573,
            -0.9472810307797818,
            -0.0031623234395725696
        ]
    }
}