{
    "0": {
        "p_mid_xyz": [
            3.5142801208,
            2.3514315979,
            2.4511629333
        ],
        "p_x1_xyz": [
            3.5144953114,
            2.4418412309,
            2.4510958696
        ],
        "p_y1_xyz": [
            3.5142903089,
            2.3513939016,
            2.4613809879
        ],
        "n_mid_xyz": [
            0.9997702363345546,
            -0.018805744552777066,
            -0.010286812497771606
        ]
    }
}