{
    "0": {
        "p_mid_xyz": [
            3.27339,
            1.77449,
            1.92922
        ],
        "p_x1_xyz": [
            3.28498,
            1.77449,
            1.89445
        ],
        "p_y1_xyz": [
            3.28498,
            1.73671,
            1.89445
        ],
        "n_mid_xyz": [
            0.3203882776183573,
            -0.9472810307797818,
            -0.0031623234395725696
        ]
    }
}