{
    "0": {
        "p_mid_xyz": [
            3.47114,
            2.15675,
            2.46656
        ],
        "p_x1_xyz": [
            3.67114,
            2.15675,
            2.46656
        ],
        "p_y1_xyz": [
            3.47114,
            2.15675,
            2.26656
        ],
        "n_mid_xyz": [
            -0.2177391427174034,
            0.21501251896847245,
            0.9520290344393508
        ]
    }
}