{
    "0": {
        "p_mid_xyz": [
            3.47667379,
            1.3210335045,
            1.6909187164
        ],
        "p_x1_xyz": [
            3.4763033149,
            1.3214883545,
            1.5707308757
        ],
        "p_y1_xyz": [
            3.4971510229,
            1.3205208646,
            1.6111300174
        ],
        "n_mid_xyz": [
            0.13273578810282274,
            -0.980004151321759,
            0.14823317425206
        ]
    }
}