{
    "0": {
        "p_mid_xyz": [
            3.50984418,
            1.7027262689,
            2.5823801555
        ],
        "p_x1_xyz": [
            3.5099963257,
            1.7033214355,
            2.5327101521
        ],
        "p_y1_xyz": [
            3.5097467572,
            1.7208200045,
            2.5623890984
        ],
        "n_mid_xyz": [
            0.9996098304829824,
            0.0017941322378474585,
            -0.02787414377692111
        ]
    }
}