{
    "0": {
        "p_mid_xyz": [
            3.43304,
            1.71707,
            2.29036
        ],
        "p_x1_xyz": [
            3.43304,
            1.71707,
            2.09036
        ],
        "p_y1_xyz": [
            3.43304,
            1.91707,
            2.29036
        ],
        "n_mid_xyz": [
            0.3203882776183573,
            -0.9472810307797818,
            -0.0031623234395725696
        ]
    }
}