{
    "0": {
        "p_mid_xyz": [
            3.05802,
            2.26789,
            2.52371
        ],
        "p_x1_xyz": [
            3.04607,
            2.30374,
            2.52371
        ],
        "p_y1_xyz": [
            3.04607,
            2.30374,
            2.56036
        ],
        "n_mid_xyz": [
            0.3203882776183573,
            -0.9472810307797818,
            -0.0031623234395725696
        ]
    }
}