{
    "0": {
        "p_mid_xyz": [
            3.4877590242,
            2.6293093081,
            1.3213881067
        ],
        "p_x1_xyz": [
            3.4872365658,
            2.6306676282,
            1.2410541767
        ],
        "p_y1_xyz": [
            3.4797698296,
            2.6282877875,
            1.2815135634
        ],
        "n_mid_xyz": [
            0.3203882776183573,
            -0.9472810307797818,
            -0.0031623234395725696
        ]
    }
}