{
    "0": {
        "p_mid_xyz": [
            3.4667752102,
            2.1701361986,
            1.8610559931
        ],
        "p_x1_xyz": [
            3.4668193041,
            2.1691837954,
            1.7611852178
        ],
        "p_y1_xyz": [
            3.4566956641,
            2.1709849414,
            1.8014095898
        ],
        "n_mid_xyz": [
            -0.18971642958080967,
            -0.9817083252785153,
            0.01601375739677741
        ]
    }
}