{
    "0": {
        "p_mid_xyz": [
            3.11559,
            2.9209,
            2.37864
        ],
        "p_x1_xyz": [
            3.11559,
            3.1209,
            2.37864
        ],
        "p_y1_xyz": [
            3.31559,
            2.9209,
            2.37864
        ],
        "n_mid_xyz": [
            -0.2177391427174034,
            0.21501251896847245,
            0.9520290344393508
        ]
    }
}