{
    "0": {
        "p_mid_xyz": [
            3.3856397744,
            2.5615825707,
            1.6311898311
        ],
        "p_x1_xyz": [
            3.3850807218,
            2.5620021751,
            1.5100784468
        ],
        "p_y1_xyz": [
            3.3867652678,
            2.5703323884,
            1.6009777719
        ],
        "n_mid_xyz": [
            0.9684545957466396,
            -0.2387294399983401,
            0.07144193765073571
        ]
    }
}