{
    "0": {
        "p_mid_xyz": [
            3.07109,
            2.63174,
            1.59486
        ],
        "p_x1_xyz": [
            2.87109,
            2.63174,
            1.59486
        ],
        "p_y1_xyz": [
            3.07109,
            2.63174,
            1.79486
        ],
        "n_mid_xyz": [
            -0.2177391427174034,
            0.21501251896847245,
            0.9520290344393508
        ]
    }
}