{
    "joint_names": [
        "r1_joint_5", 
        "r2_joint_2", 
        "r1_joint_3", 
        "r2_cart_joint", 
        "r3_joint_6", 
        "r1_cart_joint", 
        "r2_joint_5", 
        "r1_joint_2", 
        "r3_joint_3", 
        "r3_joint_1", 
        "r1_joint_1", 
        "r3_joint_4", 
        "r3_joint_2", 
        "r1_joint_4", 
        "r2_joint_3", 
        "r1_joint_6", 
        "r2_joint_1", 
        "r2_joint_6", 
        "r3_joint_5", 
        "r2_joint_4"
    ], 
    "joint_types": [
        0, 
        0, 
        0, 
        2, 
        0, 
        2, 
        0, 
        0, 
        0, 
        0, 
        0, 
        0, 
        0, 
        0, 
        0, 
        0, 
        0, 
        0, 
        0, 
        0
    ], 
    "joint_values": [
        2.0406907043643967, 
        -1.1354475816898053, 
        -1.0091283252787921, 
        2.6593338432291778, 
        0.73303828583761843, 
        0.52983836585740662, 
        0.68393576109553644, 
        0.34827846322338285, 
        0.43633231299858238, 
        2.3038346126325151, 
        0.61598316290949151, 
        0.0, 
        0.10471975511965978, 
        -1.9854980235299344, 
        0.89402580034853163, 
        -2.336431633087813, 
        -0.67563257215632322, 
        -3.2313786773437831, 
        1.0122909661567112, 
        1.2766191531721889
    ]
}