{
    "joint_names": [
        "r1_joint_5", 
        "r2_joint_2", 
        "r1_joint_3", 
        "r2_cart_joint", 
        "r3_joint_6", 
        "r1_cart_joint", 
        "r2_joint_5", 
        "r1_joint_2", 
        "r3_joint_3", 
        "r3_joint_1", 
        "r1_joint_1", 
        "r3_joint_4", 
        "r3_joint_2", 
        "r1_joint_4", 
        "r2_joint_3", 
        "r1_joint_6", 
        "r2_joint_1", 
        "r2_joint_6", 
        "r3_joint_5", 
        "r2_joint_4"
    ], 
    "joint_types": [
        0, 
        0, 
        0, 
        2, 
        0, 
        2, 
        0, 
        0, 
        0, 
        0, 
        0, 
        0, 
        0, 
        0, 
        0, 
        0, 
        0, 
        0, 
        0, 
        0
    ], 
    "joint_values": [
        2.0406907043643967, 
        0.35892593217393021, 
        -1.0091283252787921, 
        3.7589379793657502, 
        0.73303828583761843, 
        0.52983836585740662, 
        1.2030946749280551, 
        0.34827846322338285, 
        0.43633231299858238, 
        2.3038346126325151, 
        0.61598316290949151, 
        0.0, 
        0.10471975511965978, 
        -1.9854980235299344, 
        -0.057726277965134021, 
        -2.336431633087813, 
        -1.5028855457857768, 
        -1.3248327868549328, 
        1.0122909661567112, 
        0.43753227996868593
    ]
}