{
    "joint_names": [
        "r1_joint_5", 
        "r2_joint_2", 
        "r1_joint_3", 
        "r2_cart_joint", 
        "r3_joint_6", 
        "r1_cart_joint", 
        "r2_joint_5", 
        "r1_joint_2", 
        "r3_joint_3", 
        "r3_joint_1", 
        "r1_joint_1", 
        "r3_joint_4", 
        "r3_joint_2", 
        "r1_joint_4", 
        "r2_joint_3", 
        "r1_joint_6", 
        "r2_joint_1", 
        "r2_joint_6", 
        "r3_joint_5", 
        "r2_joint_4"
    ], 
    "joint_types": [
        0, 
        0, 
        0, 
        2, 
        0, 
        2, 
        0, 
        0, 
        0, 
        0, 
        0, 
        0, 
        0, 
        0, 
        0, 
        0, 
        0, 
        0, 
        0, 
        0
    ], 
    "joint_values": [
        2.0406907043643967, 
        -0.40379486233366629, 
        -1.0091283252787921, 
        2.778102564545176, 
        0.73303828583761843, 
        0.52983836585740662, 
        -1.5273863618579526, 
        0.34827846322338285, 
        0.43633231299858238, 
        2.3038346126325151, 
        0.61598316290949151, 
        0.0, 
        0.10471975511965978, 
        -1.9854980235299344, 
        0.59387045040126041, 
        -2.336431633087813, 
        -0.95574628439057252, 
        -0.65031856596306437, 
        1.0122909661567112, 
        0.048799616384780253
    ]
}