{
    "joint_names": [
        "r1_joint_5", 
        "r2_joint_2", 
        "r1_joint_3", 
        "r2_cart_joint", 
        "r3_joint_6", 
        "r1_cart_joint", 
        "r2_joint_5", 
        "r1_joint_2", 
        "r3_joint_3", 
        "r3_joint_1", 
        "r1_joint_1", 
        "r3_joint_4", 
        "r3_joint_2", 
        "r1_joint_4", 
        "r2_joint_3", 
        "r1_joint_6", 
        "r2_joint_1", 
        "r2_joint_6", 
        "r3_joint_5", 
        "r2_joint_4"
    ], 
    "joint_types": [
        0, 
        0, 
        0, 
        2, 
        0, 
        2, 
        0, 
        0, 
        0, 
        0, 
        0, 
        0, 
        0, 
        0, 
        0, 
        0, 
        0, 
        0, 
        0, 
        0
    ], 
    "joint_values": [
        2.0406907043643967, 
        -1.1354475816898053, 
        -1.0091283252787921, 
        2.6593338432291778, 
        -0.010290428398075036, 
        0.52983836585740662, 
        0.68393576109553644, 
        0.34827846322338285, 
        0.38181660656624916, 
        1.9374019513225047, 
        0.61598316290949151, 
        -0.24174799039318209, 
        -0.011597424887300728, 
        -1.9854980235299344, 
        0.89402580034853163, 
        -2.336431633087813, 
        -0.67563257215632322, 
        -3.2313786773437831, 
        0.77757545862680866, 
        1.2766191531721889
    ]
}