{
    "joint_names": [
        "r1_joint_5", 
        "r2_joint_2", 
        "r1_joint_3", 
        "r2_cart_joint", 
        "r3_joint_6", 
        "r1_cart_joint", 
        "r2_joint_5", 
        "r1_joint_2", 
        "r3_joint_3", 
        "r3_joint_1", 
        "r1_joint_1", 
        "r3_joint_4", 
        "r3_joint_2", 
        "r1_joint_4", 
        "r2_joint_3", 
        "r1_joint_6", 
        "r2_joint_1", 
        "r2_joint_6", 
        "r3_joint_5", 
        "r2_joint_4"
    ], 
    "joint_types": [
        0, 
        0, 
        0, 
        2, 
        0, 
        2, 
        0, 
        0, 
        0, 
        0, 
        0, 
        0, 
        0, 
        0, 
        0, 
        0, 
        0, 
        0, 
        0, 
        0
    ], 
    "joint_values": [
        2.0406907043643967, 
        -1.1354475816898053, 
        -1.0091283252787921, 
        2.6593338432291778, 
        -2.2402765711051553, 
        0.52983836585740662, 
        0.68393576109553644, 
        0.34827846322338285, 
        0.2182694872692495, 
        0.83810396739247306, 
        0.61598316290949151, 
        -0.96699196157272838, 
        -0.36054896490818222, 
        -1.9854980235299344, 
        0.89402580034853163, 
        -2.336431633087813, 
        -0.67563257215632322, 
        -3.2313786773437831, 
        0.073428936037100989, 
        1.2766191531721889
    ]
}