{
    "joint_names": [
        "r1_joint_5", 
        "r2_joint_2", 
        "r1_joint_3", 
        "r2_cart_joint", 
        "r3_joint_6", 
        "r1_cart_joint", 
        "r2_joint_5", 
        "r1_joint_2", 
        "r3_joint_3", 
        "r3_joint_1", 
        "r1_joint_1", 
        "r3_joint_4", 
        "r3_joint_2", 
        "r1_joint_4", 
        "r2_joint_3", 
        "r1_joint_6", 
        "r2_joint_1", 
        "r2_joint_6", 
        "r3_joint_5", 
        "r2_joint_4"
    ], 
    "joint_types": [
        0, 
        0, 
        0, 
        2, 
        0, 
        2, 
        0, 
        0, 
        0, 
        0, 
        0, 
        0, 
        0, 
        0, 
        0, 
        0, 
        0, 
        0, 
        0, 
        0
    ], 
    "joint_values": [
        1.3624812223092291, 
        0.6108652381980153, 
        0.40443387315478829, 
        3.899, 
        0.73303828583761843, 
        1.6885540255596403, 
        1.2042771838760873, 
        -0.4049025584531854, 
        0.43633231299858238, 
        2.3038346126325151, 
        1.5417459910589202, 
        0.0, 
        0.10471975511965978, 
        -0.99500476824501982, 
        -0.26179938779914941, 
        -3.0140581082044671, 
        -1.5882496193148399, 
        -1.6231562043547265, 
        1.0122909661567112, 
        0.0
    ]
}