{
    "joint_names": [
        "r1_joint_5", 
        "r2_joint_2", 
        "r1_joint_3", 
        "r2_cart_joint", 
        "r3_joint_6", 
        "r1_cart_joint", 
        "r2_joint_5", 
        "r1_joint_2", 
        "r3_joint_3", 
        "r3_joint_1", 
        "r1_joint_1", 
        "r3_joint_4", 
        "r3_joint_2", 
        "r1_joint_4", 
        "r2_joint_3", 
        "r1_joint_6", 
        "r2_joint_1", 
        "r2_joint_6", 
        "r3_joint_5", 
        "r2_joint_4"
    ], 
    "joint_types": [
        0, 
        0, 
        0, 
        2, 
        0, 
        2, 
        0, 
        0, 
        0, 
        0, 
        0, 
        0, 
        0, 
        0, 
        0, 
        0, 
        0, 
        0, 
        0, 
        0
    ], 
    "joint_values": [
        1.064650843716541, 
        -0.39037414460506303, 
        0.22689280275926285, 
        1.8020566652955492, 
        2.4276836154008778, 
        0.001, 
        1.694872094177361, 
        0.26179938779914941, 
        -1.8669533320579055, 
        0.52011664098463339, 
        1.5358897417550099, 
        -1.2468677882859533, 
        0.87889081277094327, 
        0.0, 
        0.4224923044175482, 
        -1.5882496193148399, 
        -1.792709683101728, 
        0.037154023958063886, 
        0.38667355870697362, 
        1.1818409843112625
    ]
}