{
    "joint_names": [
        "r2_joint_4", 
        "r3_joint_1", 
        "r1_joint_4", 
        "r2_joint_3", 
        "r2_cart_joint", 
        "r3_joint_3", 
        "r1_joint_2", 
        "r2_joint_6", 
        "r1_joint_6", 
        "r1_joint_5", 
        "r1_cart_joint", 
        "r3_joint_4", 
        "r2_joint_2", 
        "r2_joint_5", 
        "r3_joint_2", 
        "r3_joint_5", 
        "r1_joint_1", 
        "r3_joint_6", 
        "r1_joint_3", 
        "r2_joint_1"
    ], 
    "joint_types": [
        0, 
        0, 
        0, 
        0, 
        2, 
        0, 
        0, 
        0, 
        0, 
        0, 
        2, 
        0, 
        0, 
        0, 
        0, 
        0, 
        0, 
        0, 
        0, 
        0
    ], 
    "joint_values": [
        1.0968482002938071, 
        2.3038346126325151, 
        0.0, 
        -0.69017660282100302, 
        2.5823266177060007, 
        0.43633231299858238, 
        0.26179938779914941, 
        -0.81096079050640879, 
        -1.5882496193148399, 
        1.064650843716541, 
        0.001, 
        0.0, 
        0.07169119015027714, 
        1.0005230696325955, 
        0.10471975511965978, 
        1.0122909661567112, 
        1.5358897417550099, 
        0.73303828583761843, 
        0.22689280275926285, 
        -0.84650593121801265
    ]
}