{
    "joint_names": [
        "r2_joint_4", 
        "r3_joint_1", 
        "r1_joint_4", 
        "r2_joint_3", 
        "r2_cart_joint", 
        "r3_joint_3", 
        "r1_joint_2", 
        "r2_joint_6", 
        "r1_joint_6", 
        "r1_joint_5", 
        "r1_cart_joint", 
        "r3_joint_4", 
        "r2_joint_2", 
        "r2_joint_5", 
        "r3_joint_2", 
        "r3_joint_5", 
        "r1_joint_1", 
        "r3_joint_6", 
        "r1_joint_3", 
        "r2_joint_1"
    ], 
    "joint_types": [
        0, 
        0, 
        0, 
        0, 
        2, 
        0, 
        0, 
        0, 
        0, 
        0, 
        2, 
        0, 
        0, 
        0, 
        0, 
        0, 
        0, 
        0, 
        0, 
        0
    ], 
    "joint_values": [
        0.13675155445812048, 
        2.3038346126325151, 
        0.0, 
        -0.28536088434255247, 
        3.7647087131815158, 
        0.43633231299858238, 
        0.26179938779914941, 
        -1.5529886168703364, 
        -1.5882496193148399, 
        1.064650843716541, 
        0.001, 
        0.0, 
        0.53641481608545838, 
        1.2156542700067696, 
        0.10471975511965978, 
        1.0122909661567112, 
        1.5358897417550099, 
        0.73303828583761843, 
        0.22689280275926285, 
        -1.5558391424228606
    ]
}