{
    "joint_names": [
        "r1_joint_5", 
        "r2_joint_2", 
        "r1_joint_3", 
        "r2_cart_joint", 
        "r3_joint_6", 
        "r1_cart_joint", 
        "r2_joint_5", 
        "r1_joint_2", 
        "r3_joint_3", 
        "r3_joint_1", 
        "r1_joint_1", 
        "r3_joint_4", 
        "r3_joint_2", 
        "r1_joint_4", 
        "r2_joint_3", 
        "r1_joint_6", 
        "r2_joint_1", 
        "r2_joint_6", 
        "r3_joint_5", 
        "r2_joint_4"
    ], 
    "joint_types": [
        0, 
        0, 
        0, 
        2, 
        0, 
        2, 
        0, 
        0, 
        0, 
        0, 
        0, 
        0, 
        0, 
        0, 
        0, 
        0, 
        0, 
        0, 
        0, 
        0
    ], 
    "joint_values": [
        2.0406907043643967, 
        -1.1226830147477944, 
        -1.0091283252787921, 
        2.552277025009599, 
        0.67575601434175059, 
        0.52983836585740662, 
        2.0909402455471264, 
        0.34827846322338285, 
        0.60255957496819768, 
        0.59824667423487432, 
        0.61598316290949151, 
        -1.9187362617005255, 
        -0.37947408339330041, 
        -1.9854980235299344, 
        0.89182550726057053, 
        -2.336431633087813, 
        -2.1416966631969734, 
        -3.354621858524049, 
        0.60468810115686378, 
        1.7047423763661895
    ]
}