{
    "joint_names": [
        "r1_joint_5", 
        "r2_joint_2", 
        "r1_joint_3", 
        "r2_cart_joint", 
        "r3_joint_6", 
        "r1_cart_joint", 
        "r2_joint_5", 
        "r1_joint_2", 
        "r3_joint_3", 
        "r3_joint_1", 
        "r1_joint_1", 
        "r3_joint_4", 
        "r3_joint_2", 
        "r1_joint_4", 
        "r2_joint_3", 
        "r1_joint_6", 
        "r2_joint_1", 
        "r2_joint_6", 
        "r3_joint_5", 
        "r2_joint_4"
    ], 
    "joint_types": [
        0, 
        0, 
        0, 
        2, 
        0, 
        2, 
        0, 
        0, 
        0, 
        0, 
        0, 
        0, 
        0, 
        0, 
        0, 
        0, 
        0, 
        0, 
        0, 
        0
    ], 
    "joint_values": [
        2.0406907043643967, 
        -0.83375830592349276, 
        -1.0091283252787921, 
        2.7767308541746658, 
        0.67575601434175059, 
        0.52983836585740662, 
        1.9431630686019532, 
        0.34827846322338285, 
        0.60255957496819768, 
        0.59824667423487432, 
        0.61598316290949151, 
        -1.9187362617005255, 
        -0.37947408339330041, 
        -1.9854980235299344, 
        0.69955469141728388, 
        -2.336431633087813, 
        -2.0494554892166179, 
        -3.0660442494958287, 
        0.60468810115686378, 
        1.4206186469718247
    ]
}