{
    "joint_names": [
        "r1_joint_5", 
        "r2_joint_2", 
        "r1_joint_3", 
        "r2_cart_joint", 
        "r3_joint_6", 
        "r1_cart_joint", 
        "r2_joint_5", 
        "r1_joint_2", 
        "r3_joint_3", 
        "r3_joint_1", 
        "r1_joint_1", 
        "r3_joint_4", 
        "r3_joint_2", 
        "r1_joint_4", 
        "r2_joint_3", 
        "r1_joint_6", 
        "r2_joint_1", 
        "r2_joint_6", 
        "r3_joint_5", 
        "r2_joint_4"
    ], 
    "joint_types": [
        0, 
        0, 
        0, 
        2, 
        0, 
        2, 
        0, 
        0, 
        0, 
        0, 
        0, 
        0, 
        0, 
        0, 
        0, 
        0, 
        0, 
        0, 
        0, 
        0
    ], 
    "joint_values": [
        1.4111947079822211, 
        0.07169119015027714, 
        0.21864660216633278, 
        2.5823266177060007, 
        2.7023791701463504, 
        0.30467343702429028, 
        1.0005230696325955, 
        -0.33129360230540561, 
        -1.0562176666609875, 
        -0.63926265262442405, 
        1.3159107362085625, 
        3.9148918563596911, 
        0.17243602533931401, 
        -1.2457540480840119, 
        -0.69017660282100302, 
        -2.4137782468397582, 
        -0.84650593121801265, 
        -0.81096079050640879, 
        -1.0384482304055995, 
        1.0968482002938071
    ]
}