{
    "joint_names": [
        "r1_joint_5", 
        "r2_joint_2", 
        "r1_joint_3", 
        "r2_cart_joint", 
        "r3_joint_6", 
        "r1_cart_joint", 
        "r2_joint_5", 
        "r1_joint_2", 
        "r3_joint_3", 
        "r3_joint_1", 
        "r1_joint_1", 
        "r3_joint_4", 
        "r3_joint_2", 
        "r1_joint_4", 
        "r2_joint_3", 
        "r1_joint_6", 
        "r2_joint_1", 
        "r2_joint_6", 
        "r3_joint_5", 
        "r2_joint_4"
    ], 
    "joint_types": [
        0, 
        0, 
        0, 
        2, 
        0, 
        2, 
        0, 
        0, 
        0, 
        0, 
        0, 
        0, 
        0, 
        0, 
        0, 
        0, 
        0, 
        0, 
        0, 
        0
    ], 
    "joint_values": [
        1.064650843716541, 
        -0.34657133562521819, 
        0.22689280275926285, 
        1.5078989030652474, 
        2.4276836154008778, 
        0.001, 
        1.6971301418010556, 
        0.26179938779914941, 
        -1.8669533320579055, 
        0.52011664098463339, 
        1.5358897417550099, 
        -1.2468677882859533, 
        0.87889081277094327, 
        0.0, 
        0.4632868361335889, 
        -1.5882496193148399, 
        -1.8829794174824874, 
        -0.58357692552753271, 
        0.38667355870697362, 
        1.6701402904306444
    ]
}