{
    "point": [
        0.42155869927693651, 
        2.6306725776266404, 
        0.27241024803888658
    ], 
    "xaxis": [
        -2.7755575615628914e-17, 
        1.0, 
        0.0
    ], 
    "yaxis": [
        0.25202961344927211, 
        6.9952269934689977e-18, 
        -0.9677195223537709
    ]
}