{
    "point": [
        -0.31251418292607402, 
        2.8646488566368076, 
        0.7349666314054073
    ], 
    "xaxis": [
        -0.95105639026369104, 
        -0.30901738225963565, 
        -5.5511151231257815e-17
    ], 
    "yaxis": [
        -0.28808441777560007, 
        0.88663143949189938, 
        -0.36179007551260456
    ]
}