{
    "point": [
        -0.059586703937456131, 
        3.1751265982872519, 
        0.46801081810126077
    ], 
    "xaxis": [
        -0.95105649731040942, 
        0.30901705280397629, 
        -2.775557561562892e-17
    ], 
    "yaxis": [
        0.16676955379014383, 
        0.51326380290826845, 
        -0.84187183380415997
    ]
}