{
    "point": [
        -0.033142128301356599, 
        3.2565146163565428, 
        0.27241024803888636
    ], 
    "xaxis": [
        -0.95105649731040942, 
        0.30901705280397646, 
        4.1633363423443376e-17
    ], 
    "yaxis": [
        0.07788144836741949, 
        0.23969440138556128, 
        -0.96771952235377101
    ]
}