{
    "point": [
        0.11176090029571983, 
        2.8836923352367441, 
        0.62743481411132329
    ], 
    "xaxis": [
        -0.58778563194955502, 
        0.80901671853779533, 
        5.5511151231257827e-17
    ], 
    "yaxis": [
        0.62627971414741412, 
        0.45501929579731781, 
        -0.63303330094043753
    ]
}