{
    "point": [
        0.29588228933530747, 
        3.0174644867043501, 
        0.27241024803888658
    ], 
    "xaxis": [
        -0.58778563194955502, 
        0.80901671853779533, 
        -2.0816681711721685e-17
    ], 
    "yaxis": [
        0.20389617084707917, 
        0.14813938561128248, 
        -0.96771952235377112
    ]
}