{
    "point": [
        0.0095266754249432317, 
        2.6306725776266404, 
        0.73496663140540719
    ], 
    "xaxis": [
        1.3877787807814454e-17, 
        1.0, 
        -5.5511151231257815e-17
    ], 
    "yaxis": [
        0.93225958898827321, 
        -3.302108435352794e-17, 
        -0.36179007551260445
    ]
}