{
    "point": [
        -0.58474213979158085, 
        2.8836922145988639, 
        0.62743481411132351
    ], 
    "xaxis": [
        -0.58778535169787105, 
        -0.80901692215268906, 
        0.0
    ], 
    "yaxis": [
        -0.62627987177070477, 
        0.45501907884760517, 
        -0.63303330094043764
    ]
}