{
    "point": [
        -0.037458506533918801, 
        2.7752779831810526, 
        0.7349666314054073
    ], 
    "xaxis": [
        -0.58778563194955513, 
        0.80901671853779533, 
        -5.5511151231257839e-17
    ], 
    "yaxis": [
        0.75421359350868655, 
        0.54796879165450463, 
        -0.36179007551260445
    ]
}