{
    "joint_names": [
        "r1_joint_5", 
        "r2_joint_2", 
        "r1_joint_3", 
        "r2_cart_joint", 
        "r3_joint_6", 
        "r1_cart_joint", 
        "r2_joint_5", 
        "r1_joint_2", 
        "r3_joint_3", 
        "r3_joint_1", 
        "r1_joint_1", 
        "r3_joint_4", 
        "r3_joint_2", 
        "r1_joint_4", 
        "r2_joint_3", 
        "r1_joint_6", 
        "r2_joint_1", 
        "r2_joint_6", 
        "r3_joint_5", 
        "r2_joint_4"
    ], 
    "joint_types": [
        0, 
        0, 
        0, 
        2, 
        0, 
        2, 
        0, 
        0, 
        0, 
        0, 
        0, 
        0, 
        0, 
        0, 
        0, 
        0, 
        0, 
        0, 
        0, 
        0
    ], 
    "joint_values": [
        1.1604104379632678, 
        0.07169119015027714, 
        0.23096217333810487, 
        2.5823266177060007, 
        -6.2750184749205236, 
        0.30052109549940131, 
        1.0005230696325955, 
        0.096141924688325275, 
        -0.10231387573534548, 
        -0.0024110139028234831, 
        1.4658708686615358, 
        3.1607320844176261, 
        -0.01784956704151305, 
        -0.42878168968666625, 
        -0.69017660282100302, 
        -2.0347216650498217, 
        -0.84650593121801265, 
        -0.81096079050640879, 
        1.4508370984531258, 
        1.0968482002938071
    ]
}