{
    "0": {
        "p_mid_xyz": [
            3.05915,
            0.821839,
            1.70572
        ],
        "p_x1_xyz": [
            3.08314,
            0.821839,
            1.67802
        ],
        "p_y1_xyz": [
            3.08314,
            0.859627,
            1.67802
        ],
        "n_mid_xyz": [
            -0.34402800321442645,
            -0.00013396250301842515,
            -0.9389593788116405
        ]
    }
}