{
    "0": {
        "p_mid_xyz": [
            2.3058182759,
            0.7962598765,
            1.9540376394
        ],
        "p_x1_xyz": [
            2.3058647217,
            0.7965410126,
            1.9034161224
        ],
        "p_y1_xyz": [
            2.3157693764,
            0.7960055289,
            1.9340829096
        ],
        "n_mid_xyz": [
            -0.02156712442861644,
            -0.999708497476636,
            0.010852613366718432
        ]
    }
}