{
    "0": {
        "p_mid_xyz": [
            3.3111,
            1.12565,
            1.38578
        ],
        "p_x1_xyz": [
            3.31893,
            1.1615,
            1.37675
        ],
        "p_y1_xyz": [
            3.34662,
            1.1615,
            1.40074
        ],
        "n_mid_xyz": [
            -0.34402800321442645,
            -0.00013396250301842515,
            -0.9389593788116405
        ]
    }
}