{
    "0": {
        "p_mid_xyz": [
            1.7547915678,
            0.7812386475,
            1.5350743699
        ],
        "p_x1_xyz": [
            1.7150165202,
            0.7822301127,
            1.4630425212
        ],
        "p_y1_xyz": [
            1.7464206892,
            0.7819504307,
            1.5144969482
        ],
        "n_mid_xyz": [
            0.38013379467224123,
            -0.9146464631199829,
            -0.13755052035593412
        ]
    }
}