{
    "0": {
        "p_mid_xyz": [
            2.72268,
            1.610315,
            2.50466
        ],
        "p_x1_xyz": [
            2.72268,
            1.9398,
            2.50466
        ],
        "p_y1_xyz": [
            2.76047,
            1.9398,
            2.50466
        ],
        "n_mid_xyz": [
            -0.34402800321442645,
            -0.00013396250301842515,
            -0.9389593788116405
        ]
    }
}