{
    "0": {
        "p_mid_xyz": [
            2.55205,
            0.821995,
            1.00503
        ],
        "p_x1_xyz": [
            2.54046,
            0.821995,
            0.970262
        ],
        "p_y1_xyz": [
            2.54046,
            0.859783,
            0.970262
        ],
        "n_mid_xyz": [
            -0.34402800321442645,
            -0.00013396250301842515,
            -0.9389593788116405
        ]
    }
}