{
    "0": {
        "p_mid_xyz": [
            1.4763911377,
            0.6285951416,
            2.405540332
        ],
        "p_x1_xyz": [
            1.4762699731,
            0.5920314276,
            2.405540332
        ],
        "p_y1_xyz": [
            1.4660794535,
            0.6119147105,
            2.405540332
        ],
        "n_mid_xyz": [
            -0.08934056547739282,
            -0.3508570693687693,
            0.9321574868197638
        ]
    }
}