{
    "0": {
        "p_mid_xyz": [
            1.4762657296,
            0.8027148767,
            1.8139593196
        ],
        "p_x1_xyz": [
            1.4764554825,
            0.802814805,
            1.7437309093
        ],
        "p_y1_xyz": [
            1.485949676,
            0.8032248213,
            1.804058323
        ],
        "n_mid_xyz": [
            0.15386660683573855,
            -0.9880878710356894,
            0.002725144586100233
        ]
    }
}