{
    "0": {
        "p_mid_xyz": [
            2.1472,
            0.764845,
            1.02826
        ],
        "p_x1_xyz": [
            2.1712,
            0.764845,
            1.00056
        ],
        "p_y1_xyz": [
            2.19976,
            0.764845,
            1.02531
        ],
        "n_mid_xyz": [
            -0.34402800321442645,
            -0.00013396250301842515,
            -0.9389593788116405
        ]
    }
}