{
    "0": {
        "p_mid_xyz": [
            1.8961908417,
            0.799190033,
            1.6239515381
        ],
        "p_x1_xyz": [
            1.8954173698,
            0.7990999546,
            1.5738894577
        ],
        "p_y1_xyz": [
            1.9057316044,
            0.79916788,
            1.593548314
        ],
        "n_mid_xyz": [
            -0.04862515119576207,
            -0.9947868297900712,
            0.08963681134115274
        ]
    }
}