{
    "0": {
        "p_mid_xyz": [
            2.3157654184,
            0.6327259944,
            2.4025400954
        ],
        "p_x1_xyz": [
            2.3160546312,
            0.5622845277,
            2.4025400954
        ],
        "p_y1_xyz": [
            2.3054055328,
            0.5926520608,
            2.4025400954
        ],
        "n_mid_xyz": [
            -0.13454053236870225,
            -0.32453422683558186,
            0.9362565784880645
        ]
    }
}