{
    "0": {
        "p_mid_xyz": [
            3.24193,
            0.872795,
            1.08751
        ],
        "p_x1_xyz": [
            3.22972,
            0.872795,
            1.05296
        ],
        "p_y1_xyz": [
            3.22972,
            0.910583,
            1.05296
        ],
        "n_mid_xyz": [
            -0.34402800321442645,
            -0.00013396250301842515,
            -0.9389593788116405
        ]
    }
}