{
    "0": {
        "p_mid_xyz": [
            2.7124051514,
            0.7006362457,
            2.4269782104
        ],
        "p_x1_xyz": [
            2.7146352946,
            0.7634981181,
            2.4483740031
        ],
        "p_y1_xyz": [
            2.719357015,
            0.7323293762,
            2.4366710205
        ],
        "n_mid_xyz": [
            0.10578183500160461,
            -0.4014618644925877,
            0.9097464343111373
        ]
    }
}