{
    "0": {
        "p_mid_xyz": [
            2.7064098424,
            0.8025242876,
            1.5043369402
        ],
        "p_x1_xyz": [
            2.706403418,
            0.8025142883,
            1.4135351807
        ],
        "p_y1_xyz": [
            2.7168707933,
            0.8018923668,
            1.4437212759
        ],
        "n_mid_xyz": [
            -0.28126512889874716,
            -0.9583036023851486,
            -0.05043939850175197
        ]
    }
}