{
    "0": {
        "p_mid_xyz": [
            1.88834,
            0.802945,
            1.17857
        ],
        "p_x1_xyz": [
            1.87612,
            0.802945,
            1.14402
        ],
        "p_y1_xyz": [
            1.91175,
            0.802945,
            1.13142
        ],
        "n_mid_xyz": [
            -0.34402800321442645,
            -0.00013396250301842515,
            -0.9389593788116405
        ]
    }
}