{
    "0": {
        "p_mid_xyz": [
            1.9364380464,
            1.6510949373,
            2.4983122152
        ],
        "p_x1_xyz": [
            1.9367643289,
            1.6015265198,
            2.4979570636
        ],
        "p_y1_xyz": [
            1.92644475,
            1.621516258,
            2.4983285554
        ],
        "n_mid_xyz": [
            -0.3906183401810803,
            0.049151668165294364,
            0.919239591091869
        ]
    }
}