{
    "0": {
        "p_mid_xyz": [
            1.41356,
            0.821839,
            1.7848
        ],
        "p_x1_xyz": [
            1.40197,
            0.821839,
            1.75003
        ],
        "p_y1_xyz": [
            1.40197,
            0.859627,
            1.75003
        ],
        "n_mid_xyz": [
            -0.34402800321442645,
            -0.00013396250301842515,
            -0.9389593788116405
        ]
    }
}