{
    "0": {
        "p_mid_xyz": [
            2.26011,
            0.872951,
            1.66119
        ],
        "p_x1_xyz": [
            2.2841,
            0.872951,
            1.63349
        ],
        "p_y1_xyz": [
            2.2841,
            0.835163,
            1.63349
        ],
        "n_mid_xyz": [
            -0.34402800321442645,
            -0.00013396250301842515,
            -0.9389593788116405
        ]
    }
}