{
    "0": {
        "p_mid_xyz": [
            1.9065851205,
            0.63229389,
            2.4026759983
        ],
        "p_x1_xyz": [
            1.906466746,
            0.5520191854,
            2.4026759983
        ],
        "p_y1_xyz": [
            1.8960164067,
            0.5716797597,
            2.4026759983
        ],
        "n_mid_xyz": [
            0.16223587465360026,
            -0.2825350352902958,
            0.9454382448414558
        ]
    }
}