{
    "0": {
        "p_mid_xyz": [
            3.06197,
            1.19365,
            2.52371
        ],
        "p_x1_xyz": [
            3.05002,
            1.1578,
            2.52371
        ],
        "p_y1_xyz": [
            3.06197,
            1.19365,
            2.48706
        ],
        "n_mid_xyz": [
            -0.34402800321442645,
            -0.00013396250301842515,
            -0.9389593788116405
        ]
    }
}