{
    "0": {
        "p_mid_xyz": [
			2.68012,
			0.872927,
			1.39142
        ],
        "p_x1_xyz": [
			2.66853,
			0.872931,
			1.35665
        ],
        "p_y1_xyz": [
			2.66853,
			0.910715,
			1.35665
        ],
        "n_mid_xyz": [
            -0.34402800321442645,
            -0.00013396250301842515,
            -0.9389593788116405
        ]
    }
}