{
	"class_name" : "ViewTrajectory",
	"interval" : 29,
	"is_loop" : false,
	"trajectory" : 
	[
		{
			"boundingbox_max" : [ 1.8736743164062499, 2.5346042480468749, 1.2482792046440974 ],
			"boundingbox_min" : [ -1.2690064697265624, 0.098240722656250001, -0.087784423828124999 ],
			"field_of_view" : 60.0,
			"front" : [ -0.4377969094435567, 0.59371871756179484, 0.67515327926215996 ],
			"lookat" : [ 0.13418432462570834, 1.0804903153454501, 0.55804556741771327 ],
			"up" : [ 0.59591243888646472, -0.37067698281048689, 0.71238117577242277 ],
			"zoom" : 0.83900000000000041
		}
	],
	"version_major" : 1,
	"version_minor" : 0
}

