{
    "joint_names": [
        "r1_joint_5", 
        "r2_joint_2", 
        "r1_joint_3", 
        "r2_cart_joint", 
        "r3_joint_6", 
        "r1_cart_joint", 
        "r2_joint_5", 
        "r1_joint_2", 
        "r3_joint_3", 
        "r3_joint_1", 
        "r1_joint_1", 
        "r3_joint_4", 
        "r3_joint_2", 
        "r1_joint_4", 
        "r2_joint_3", 
        "r1_joint_6", 
        "r2_joint_1", 
        "r2_joint_6", 
        "r3_joint_5", 
        "r2_joint_4"
    ], 
    "joint_types": [
        0, 
        0, 
        0, 
        2, 
        0, 
        2, 
        0, 
        0, 
        0, 
        0, 
        0, 
        0, 
        0, 
        0, 
        0, 
        0, 
        0, 
        0, 
        0, 
        0
    ], 
    "joint_values": [
        1.064650843716541, 
        -0.64786094999822208, 
        0.22689280275926285, 
        0.71962695606790483, 
        -2.0259215254513503, 
        0.001, 
        0.89906281288711853, 
        0.26179938779914941, 
        0.58539623400257501, 
        0.60574511503328687, 
        1.5358897417550099, 
        3.753238366411523, 
        0.13543052164845679, 
        0.0, 
        0.2983008303141631, 
        -1.5882496193148399, 
        -1.8150485698522805, 
        -0.22697998694067478, 
        1.1993069858678345, 
        0.12244771468425109
    ]
}