{
    "joint_names": [
        "r1_joint_5", 
        "r2_joint_2", 
        "r1_joint_3", 
        "r2_cart_joint", 
        "r3_joint_6", 
        "r1_cart_joint", 
        "r2_joint_5", 
        "r1_joint_2", 
        "r3_joint_3", 
        "r3_joint_1", 
        "r1_joint_1", 
        "r3_joint_4", 
        "r3_joint_2", 
        "r1_joint_4", 
        "r2_joint_3", 
        "r1_joint_6", 
        "r2_joint_1", 
        "r2_joint_6", 
        "r3_joint_5", 
        "r2_joint_4"
    ], 
    "joint_types": [
        0, 
        0, 
        0, 
        2, 
        0, 
        2, 
        0, 
        0, 
        0, 
        0, 
        0, 
        0, 
        0, 
        0, 
        0, 
        0, 
        0, 
        0, 
        0, 
        0
    ], 
    "joint_values": [
        0.89969058629271037, 
        0.13266990174087989, 
        -0.20332070593432761, 
        0.15329653654380257, 
        0.73303828583761843, 
        3.6485383837490666, 
        1.3198895530737, 
        0.041122410749931781, 
        0.43633231299858238, 
        2.3038346126325151, 
        0.28174635014673743, 
        0.0, 
        0.10471975511965978, 
        0.43059893498231494, 
        0.43237496780312096, 
        -0.36342466211552094, 
        -0.29838490191823186, 
        -2.2370307747387117, 
        1.0122909661567112, 
        -1.7340193479307746
    ]
}