{
    "joint_names": [
        "r1_joint_5", 
        "r2_joint_2", 
        "r1_joint_3", 
        "r2_cart_joint", 
        "r3_joint_6", 
        "r1_cart_joint", 
        "r2_joint_5", 
        "r1_joint_2", 
        "r3_joint_3", 
        "r3_joint_1", 
        "r1_joint_1", 
        "r3_joint_4", 
        "r3_joint_2", 
        "r1_joint_4", 
        "r2_joint_3", 
        "r1_joint_6", 
        "r2_joint_1", 
        "r2_joint_6", 
        "r3_joint_5", 
        "r2_joint_4"
    ], 
    "joint_types": [
        0, 
        0, 
        0, 
        2, 
        0, 
        2, 
        0, 
        0, 
        0, 
        0, 
        0, 
        0, 
        0, 
        0, 
        0, 
        0, 
        0, 
        0, 
        0, 
        0
    ], 
    "joint_values": [
        1.064650843716541, 
        0.54799582612966657, 
        0.22689280275926285, 
        3.7601009921419624, 
        -2.0259215254513503, 
        0.001, 
        1.2419623854349811, 
        0.26179938779914941, 
        0.58539623400257501, 
        0.60574511503328687, 
        1.5358897417550099, 
        3.753238366411523, 
        0.13543052164845679, 
        0.0, 
        -0.21289753878825954, 
        -1.5882496193148399, 
        -1.5998249114095575, 
        -1.5194674775834487, 
        1.1993069858678345, 
        0.080878821103357174
    ]
}