{
    "joint_names": [
        "r1_joint_5", 
        "r2_joint_2", 
        "r1_joint_3", 
        "r2_cart_joint", 
        "r3_joint_6", 
        "r1_cart_joint", 
        "r2_joint_5", 
        "r1_joint_2", 
        "r3_joint_3", 
        "r3_joint_1", 
        "r1_joint_1", 
        "r3_joint_4", 
        "r3_joint_2", 
        "r1_joint_4", 
        "r2_joint_3", 
        "r1_joint_6", 
        "r2_joint_1", 
        "r2_joint_6", 
        "r3_joint_5", 
        "r2_joint_4"
    ], 
    "joint_types": [
        0, 
        0, 
        0, 
        2, 
        0, 
        2, 
        0, 
        0, 
        0, 
        0, 
        0, 
        0, 
        0, 
        0, 
        0, 
        0, 
        0, 
        0, 
        0, 
        0
    ], 
    "joint_values": [
        1.064650843716541, 
        -0.82819317434591233, 
        0.22689280275926285, 
        2.5866221332956836, 
        2.4276836154008778, 
        0.001, 
        -0.07600385948642846, 
        0.26179938779914941, 
        -1.8669533320579055, 
        0.52011664098463339, 
        1.5358897417550099, 
        -1.2468677882859533, 
        0.87889081277094327, 
        0.0, 
        0.73346207990909307, 
        -1.5882496193148399, 
        0.48328421373802993, 
        -6.2434955942923258, 
        0.38667355870697362, 
        5.6521368579419384
    ]
}