{
    "joint_names": [
        "r1_joint_5", 
        "r2_joint_2", 
        "r1_joint_3", 
        "r2_cart_joint", 
        "r3_joint_6", 
        "r1_cart_joint", 
        "r2_joint_5", 
        "r1_joint_2", 
        "r3_joint_3", 
        "r3_joint_1", 
        "r1_joint_1", 
        "r3_joint_4", 
        "r3_joint_2", 
        "r1_joint_4", 
        "r2_joint_3", 
        "r1_joint_6", 
        "r2_joint_1", 
        "r2_joint_6", 
        "r3_joint_5", 
        "r2_joint_4"
    ], 
    "joint_types": [
        0, 
        0, 
        0, 
        2, 
        0, 
        2, 
        0, 
        0, 
        0, 
        0, 
        0, 
        0, 
        0, 
        0, 
        0, 
        0, 
        0, 
        0, 
        0, 
        0
    ], 
    "joint_values": [
        0.85688907158916783, 
        0.07169119015027714, 
        -0.25557293857338037, 
        2.5823266177060007, 
        -0.84811952069136554, 
        0.40738031680088421, 
        1.0005230696325955, 
        -0.55314303624279926, 
        0.14978571859075779, 
        1.0440847745326716, 
        -0.098638698156437374, 
        2.8455174445796247, 
        -0.32800327946500718, 
        0.13587437335293562, 
        -0.69017660282100302, 
        -0.098943262290218131, 
        -0.84650593121801265, 
        -0.81096079050640879, 
        -0.081016332635704291, 
        1.0968482002938071
    ]
}