{
    "joint_names": [
        "r1_joint_5", 
        "r2_joint_2", 
        "r1_joint_3", 
        "r2_cart_joint", 
        "r3_joint_6", 
        "r1_cart_joint", 
        "r2_joint_5", 
        "r1_joint_2", 
        "r3_joint_3", 
        "r3_joint_1", 
        "r1_joint_1", 
        "r3_joint_4", 
        "r3_joint_2", 
        "r1_joint_4", 
        "r2_joint_3", 
        "r1_joint_6", 
        "r2_joint_1", 
        "r2_joint_6", 
        "r3_joint_5", 
        "r2_joint_4"
    ], 
    "joint_types": [
        0, 
        0, 
        0, 
        2, 
        0, 
        2, 
        0, 
        0, 
        0, 
        0, 
        0, 
        0, 
        0, 
        0, 
        0, 
        0, 
        0, 
        0, 
        0, 
        0
    ], 
    "joint_values": [
        0.85688907158916783, 
        0.07169119015027714, 
        -0.25557293857338037, 
        2.5823266177060007, 
        -0.43202536107847489, 
        0.40738031680088421, 
        1.0005230696325955, 
        -0.55314303624279926, 
        0.22519271711913269, 
        1.3755978898221042, 
        -0.098638698156437374, 
        2.0966970644270919, 
        -0.21412879667956844, 
        0.13587437335293562, 
        -0.69017660282100302, 
        -0.098943262290218131, 
        -0.84650593121801265, 
        -0.81096079050640879, 
        0.20669611441493141, 
        1.0968482002938071
    ]
}