{
    "joint_names": [
        "r1_joint_5", 
        "r2_joint_2", 
        "r1_joint_3", 
        "r2_cart_joint", 
        "r3_joint_6", 
        "r1_cart_joint", 
        "r2_joint_5", 
        "r1_joint_2", 
        "r3_joint_3", 
        "r3_joint_1", 
        "r1_joint_1", 
        "r3_joint_4", 
        "r3_joint_2", 
        "r1_joint_4", 
        "r2_joint_3", 
        "r1_joint_6", 
        "r2_joint_1", 
        "r2_joint_6", 
        "r3_joint_5", 
        "r2_joint_4"
    ], 
    "joint_types": [
        0, 
        0, 
        0, 
        2, 
        0, 
        2, 
        0, 
        0, 
        0, 
        0, 
        0, 
        0, 
        0, 
        0, 
        0, 
        0, 
        0, 
        0, 
        0, 
        0
    ], 
    "joint_values": [
        1.064650843716541, 
        0.20997353944661801, 
        0.22689280275926285, 
        3.0682311976539935, 
        0.73303828583761843, 
        0.001, 
        1.3642517139757626, 
        0.26179938779914941, 
        0.43633231299858238, 
        2.3038346126325151, 
        1.5358897417550099, 
        0.0, 
        0.10471975511965978, 
        0.0, 
        0.22649259409341443, 
        -1.5882496193148399, 
        -1.5744413988804862, 
        -1.277181870148187, 
        1.0122909661567112, 
        0.72570178893439263
    ]
}