{
    "joint_names": [
        "r1_joint_5", 
        "r2_joint_2", 
        "r1_joint_3", 
        "r2_cart_joint", 
        "r3_joint_6", 
        "r1_cart_joint", 
        "r2_joint_5", 
        "r1_joint_2", 
        "r3_joint_3", 
        "r3_joint_1", 
        "r1_joint_1", 
        "r3_joint_4", 
        "r3_joint_2", 
        "r1_joint_4", 
        "r2_joint_3", 
        "r1_joint_6", 
        "r2_joint_1", 
        "r2_joint_6", 
        "r3_joint_5", 
        "r2_joint_4"
    ], 
    "joint_types": [
        0, 
        0, 
        0, 
        2, 
        0, 
        2, 
        0, 
        0, 
        0, 
        0, 
        0, 
        0, 
        0, 
        0, 
        0, 
        0, 
        0, 
        0, 
        0, 
        0
    ], 
    "joint_values": [
        1.064650843716541, 
        -0.12410287617954641, 
        0.22689280275926285, 
        2.3759238623656547, 
        0.73303828583761843, 
        0.001, 
        1.4975638223921586, 
        0.26179938779914941, 
        0.43633231299858238, 
        2.3038346126325151, 
        1.5358897417550099, 
        0.0, 
        0.10471975511965978, 
        0.0, 
        0.63340257900388419, 
        -1.5882496193148399, 
        -1.5629345485185249, 
        -0.98886992497607062, 
        1.0122909661567112, 
        1.330453279713053
    ]
}