{
    "joint_names": [
        "r1_joint_5", 
        "r2_joint_2", 
        "r1_joint_3", 
        "r2_cart_joint", 
        "r3_joint_6", 
        "r1_cart_joint", 
        "r2_joint_5", 
        "r1_joint_2", 
        "r3_joint_3", 
        "r3_joint_1", 
        "r1_joint_1", 
        "r3_joint_4", 
        "r3_joint_2", 
        "r1_joint_4", 
        "r2_joint_3", 
        "r1_joint_6", 
        "r2_joint_1", 
        "r2_joint_6", 
        "r3_joint_5", 
        "r2_joint_4"
    ], 
    "joint_types": [
        0, 
        0, 
        0, 
        2, 
        0, 
        2, 
        0, 
        0, 
        0, 
        0, 
        0, 
        0, 
        0, 
        0, 
        0, 
        0, 
        0, 
        0, 
        0, 
        0
    ], 
    "joint_values": [
        0.11659900091064701, 
        0.6108652381980153, 
        -0.30185876110384746, 
        3.899, 
        0.73303828583761843, 
        1.2469336473858563, 
        1.2042771838760873, 
        -0.079262653517142734, 
        0.43633231299858238, 
        2.3038346126325151, 
        1.3152542872389144, 
        0.0, 
        0.10471975511965978, 
        -1.8642223474832345, 
        -0.26179938779914941, 
        2.9954724101242816, 
        -1.5882496193148399, 
        -1.6231562043547265, 
        1.0122909661567112, 
        0.0
    ]
}