{
    "joint_names": [
        "r1_joint_5", 
        "r2_joint_2", 
        "r1_joint_3", 
        "r2_cart_joint", 
        "r3_joint_6", 
        "r1_cart_joint", 
        "r2_joint_5", 
        "r1_joint_2", 
        "r3_joint_3", 
        "r3_joint_1", 
        "r1_joint_1", 
        "r3_joint_4", 
        "r3_joint_2", 
        "r1_joint_4", 
        "r2_joint_3", 
        "r1_joint_6", 
        "r2_joint_1", 
        "r2_joint_6", 
        "r3_joint_5", 
        "r2_joint_4"
    ], 
    "joint_types": [
        0, 
        0, 
        0, 
        2, 
        0, 
        2, 
        0, 
        0, 
        0, 
        0, 
        0, 
        0, 
        0, 
        0, 
        0, 
        0, 
        0, 
        0, 
        0, 
        0
    ], 
    "joint_values": [
        1.2492149312673666, 
        0.6108652381980153, 
        0.36756397430583437, 
        3.899, 
        0.73303828583761843, 
        1.5571197459049142, 
        1.2042771838760873, 
        -0.20494095399405088, 
        0.43633231299858238, 
        2.3038346126325151, 
        1.5272580021191429, 
        0.0, 
        0.10471975511965978, 
        -0.72262940295565592, 
        -0.26179938779914941, 
        -2.4104357560375478, 
        -1.5882496193148399, 
        -1.6231562043547265, 
        1.0122909661567112, 
        0.0
    ]
}