{
    "joint_names": [
        "r1_joint_5", 
        "r2_joint_2", 
        "r1_joint_3", 
        "r2_cart_joint", 
        "r3_joint_6", 
        "r1_cart_joint", 
        "r2_joint_5", 
        "r1_joint_2", 
        "r3_joint_3", 
        "r3_joint_1", 
        "r1_joint_1", 
        "r3_joint_4", 
        "r3_joint_2", 
        "r1_joint_4", 
        "r2_joint_3", 
        "r1_joint_6", 
        "r2_joint_1", 
        "r2_joint_6", 
        "r3_joint_5", 
        "r2_joint_4"
    ], 
    "joint_types": [
        0, 
        0, 
        0, 
        2, 
        0, 
        2, 
        0, 
        0, 
        0, 
        0, 
        0, 
        0, 
        0, 
        0, 
        0, 
        0, 
        0, 
        0, 
        0, 
        0
    ], 
    "joint_values": [
        0.59062492231359398, 
        0.6108652381980153, 
        -0.037482979172292291, 
        3.899, 
        0.73303828583761843, 
        0.62396682369292822, 
        1.2042771838760873, 
        0.091268367141003337, 
        0.43633231299858238, 
        2.3038346126325151, 
        1.4255720144969621, 
        0.0, 
        0.10471975511965978, 
        -0.93211117374161723, 
        -0.26179938779914941, 
        0.70361139540472073, 
        -1.5882496193148399, 
        -1.6231562043547265, 
        1.0122909661567112, 
        0.0
    ]
}