{
    "config_0": {
        "joint_names": [
            "r1_joint_5", 
            "r2_joint_2", 
            "r1_joint_3", 
            "r2_cart_joint", 
            "r3_joint_6", 
            "r1_cart_joint", 
            "r2_joint_5", 
            "r1_joint_2", 
            "r3_joint_3", 
            "r3_joint_1", 
            "r1_joint_1", 
            "r3_joint_4", 
            "r3_joint_2", 
            "r1_joint_4", 
            "r2_joint_3", 
            "r1_joint_6", 
            "r2_joint_1", 
            "r2_joint_6", 
            "r3_joint_5", 
            "r2_joint_4"
        ], 
        "joint_types": [
            0, 
            0, 
            0, 
            2, 
            0, 
            2, 
            0, 
            0, 
            0, 
            0, 
            0, 
            0, 
            0, 
            0, 
            0, 
            0, 
            0, 
            0, 
            0, 
            0
        ], 
        "joint_values": [
            1.064650843716541, 
            0.6108652381980153, 
            0.22689280275926285, 
            3.899, 
            -6.2750184749205236, 
            0.001, 
            1.2042771838760873, 
            0.26179938779914941, 
            -0.10231387573534548, 
            -0.0024110139028234831, 
            1.5358897417550099, 
            3.1607320844176261, 
            -0.01784956704151305, 
            0.0, 
            -0.26179938779914941, 
            -1.5882496193148399, 
            -1.5882496193148399, 
            -1.6231562043547265, 
            1.4508370984531258, 
            0.0
        ]
    }, 
    "config_1": {
        "joint_names": [
            "r1_joint_5", 
            "r2_joint_2", 
            "r1_joint_3", 
            "r2_cart_joint", 
            "r3_joint_6", 
            "r1_cart_joint", 
            "r2_joint_5", 
            "r1_joint_2", 
            "r3_joint_3", 
            "r3_joint_1", 
            "r1_joint_1", 
            "r3_joint_4", 
            "r3_joint_2", 
            "r1_joint_4", 
            "r2_joint_3", 
            "r1_joint_6", 
            "r2_joint_1", 
            "r2_joint_6", 
            "r3_joint_5", 
            "r2_joint_4"
        ], 
        "joint_types": [
            0, 
            0, 
            0, 
            2, 
            0, 
            2, 
            0, 
            0, 
            0, 
            0, 
            0, 
            0, 
            0, 
            0, 
            0, 
            0, 
            0, 
            0, 
            0, 
            0
        ], 
        "joint_values": [
            1.064650843716541, 
            0.53530093707831305, 
            0.22689280275926285, 
            3.7663440643355917, 
            -6.2750184749205236, 
            0.001, 
            1.2161339818354722, 
            0.26179938779914941, 
            -0.10231387573534548, 
            -0.0024110139028234831, 
            1.5358897417550099, 
            3.1607320844176261, 
            -0.01784956704151305, 
            0.0, 
            -0.28324819589127048, 
            -1.5882496193148399, 
            -1.5558068273120274, 
            -1.5556015379999137, 
            1.4508370984531258, 
            0.14063563813469032
        ]
    }, 
    "config_10": {
        "joint_names": [
            "r1_joint_5", 
            "r2_joint_2", 
            "r1_joint_3", 
            "r2_cart_joint", 
            "r3_joint_6", 
            "r1_cart_joint", 
            "r2_joint_5", 
            "r1_joint_2", 
            "r3_joint_3", 
            "r3_joint_1", 
            "r1_joint_1", 
            "r3_joint_4", 
            "r3_joint_2", 
            "r1_joint_4", 
            "r2_joint_3", 
            "r1_joint_6", 
            "r2_joint_1", 
            "r2_joint_6", 
            "r3_joint_5", 
            "r2_joint_4"
        ], 
        "joint_types": [
            0, 
            0, 
            0, 
            2, 
            0, 
            2, 
            0, 
            0, 
            0, 
            0, 
            0, 
            0, 
            0, 
            0, 
            0, 
            0, 
            0, 
            0, 
            0, 
            0
        ], 
        "joint_values": [
            1.064650843716541, 
            -0.1447777729990069, 
            0.22689280275926285, 
            2.5724406433559177, 
            -6.2750184749205236, 
            0.001, 
            1.3228451634699354, 
            0.26179938779914941, 
            -0.10231387573534548, 
            -0.0024110139028234831, 
            1.5358897417550099, 
            3.1607320844176261, 
            -0.01784956704151305, 
            0.0, 
            -0.47628746872036032, 
            -1.5882496193148399, 
            -1.263821699286714, 
            -0.94760954080659854, 
            1.4508370984531258, 
            1.4063563813469031
        ]
    }, 
    "config_2": {
        "joint_names": [
            "r1_joint_5", 
            "r2_joint_2", 
            "r1_joint_3", 
            "r2_cart_joint", 
            "r3_joint_6", 
            "r1_cart_joint", 
            "r2_joint_5", 
            "r1_joint_2", 
            "r3_joint_3", 
            "r3_joint_1", 
            "r1_joint_1", 
            "r3_joint_4", 
            "r3_joint_2", 
            "r1_joint_4", 
            "r2_joint_3", 
            "r1_joint_6", 
            "r2_joint_1", 
            "r2_joint_6", 
            "r3_joint_5", 
            "r2_joint_4"
        ], 
        "joint_types": [
            0, 
            0, 
            0, 
            2, 
            0, 
            2, 
            0, 
            0, 
            0, 
            0, 
            0, 
            0, 
            0, 
            0, 
            0, 
            0, 
            0, 
            0, 
            0, 
            0
        ], 
        "joint_values": [
            1.064650843716541, 
            0.45973663595861081, 
            0.22689280275926285, 
            3.6336881286711837, 
            -6.2750184749205236, 
            0.001, 
            1.2279907797948568, 
            0.26179938779914941, 
            -0.10231387573534548, 
            -0.0024110139028234831, 
            1.5358897417550099, 
            3.1607320844176261, 
            -0.01784956704151305, 
            0.0, 
            -0.30469700398339161, 
            -1.5882496193148399, 
            -1.5233640353092146, 
            -1.488046871645101, 
            1.4508370984531258, 
            0.28127127626938064
        ]
    }, 
    "config_3": {
        "joint_names": [
            "r1_joint_5", 
            "r2_joint_2", 
            "r1_joint_3", 
            "r2_cart_joint", 
            "r3_joint_6", 
            "r1_cart_joint", 
            "r2_joint_5", 
            "r1_joint_2", 
            "r3_joint_3", 
            "r3_joint_1", 
            "r1_joint_1", 
            "r3_joint_4", 
            "r3_joint_2", 
            "r1_joint_4", 
            "r2_joint_3", 
            "r1_joint_6", 
            "r2_joint_1", 
            "r2_joint_6", 
            "r3_joint_5", 
            "r2_joint_4"
        ], 
        "joint_types": [
            0, 
            0, 
            0, 
            2, 
            0, 
            2, 
            0, 
            0, 
            0, 
            0, 
            0, 
            0, 
            0, 
            0, 
            0, 
            0, 
            0, 
            0, 
            0, 
            0
        ],