{
    "joint_names": [
        "r1_joint_5", 
        "r2_joint_2", 
        "r1_joint_3", 
        "r2_cart_joint", 
        "r3_joint_6", 
        "r1_cart_joint", 
        "r2_joint_5", 
        "r1_joint_2", 
        "r3_joint_3", 
        "r3_joint_1", 
        "r1_joint_1", 
        "r3_joint_4", 
        "r3_joint_2", 
        "r1_joint_4", 
        "r2_joint_3", 
        "r1_joint_6", 
        "r2_joint_1", 
        "r2_joint_6", 
        "r3_joint_5", 
        "r2_joint_4"
    ], 
    "joint_types": [
        0, 
        0, 
        0, 
        2, 
        0, 
        2, 
        0, 
        0, 
        0, 
        0, 
        0, 
        0, 
        0, 
        0, 
        0, 
        0, 
        0, 
        0, 
        0, 
        0
    ], 
    "joint_values": [
        1.064650843716541, 
        0.45973663595861081, 
        0.22689280275926285, 
        3.6336881286711837, 
        -6.2750184749205236, 
        0.001, 
        1.2279907797948568, 
        0.26179938779914941, 
        -0.10231387573534548, 
        -0.0024110139028234831, 
        1.5358897417550099, 
        3.1607320844176261, 
        -0.01784956704151305, 
        0.0, 
        -0.30469700398339161, 
        -1.5882496193148399, 
        -1.5233640353092146, 
        -1.488046871645101, 
        1.4508370984531258, 
        0.28127127626938064
    ]
}