{
    "joint_names": [
        "r1_joint_5", 
        "r2_joint_2", 
        "r1_joint_3", 
        "r2_cart_joint", 
        "r3_joint_6", 
        "r1_cart_joint", 
        "r2_joint_5", 
        "r1_joint_2", 
        "r3_joint_3", 
        "r3_joint_1", 
        "r1_joint_1", 
        "r3_joint_4", 
        "r3_joint_2", 
        "r1_joint_4", 
        "r2_joint_3", 
        "r1_joint_6", 
        "r2_joint_1", 
        "r2_joint_6", 
        "r3_joint_5", 
        "r2_joint_4"
    ], 
    "joint_types": [
        0, 
        0, 
        0, 
        2, 
        0, 
        2, 
        0, 
        0, 
        0, 
        0, 
        0, 
        0, 
        0, 
        0, 
        0, 
        0, 
        0, 
        0, 
        0, 
        0
    ], 
    "joint_values": [
        1.064650843716541, 
        -0.069213471879304711, 
        0.22689280275926285, 
        2.7050965790203261, 
        -6.2750184749205236, 
        0.001, 
        1.3109883655105505, 
        0.26179938779914941, 
        -0.10231387573534548, 
        -0.0024110139028234831, 
        1.5358897417550099, 
        3.1607320844176261, 
        -0.01784956704151305, 
        0.0, 
        -0.45483866062823924, 
        -1.5882496193148399, 
        -1.2962644912895265, 
        -1.0151642071614113, 
        1.4508370984531258, 
        1.2657207432122128
    ]
}