{
    "joint_names": [
        "r1_joint_5", 
        "r2_joint_2", 
        "r1_joint_3", 
        "r2_cart_joint", 
        "r3_joint_6", 
        "r1_cart_joint", 
        "r2_joint_5", 
        "r1_joint_2", 
        "r3_joint_3", 
        "r3_joint_1", 
        "r1_joint_1", 
        "r3_joint_4", 
        "r3_joint_2", 
        "r1_joint_4", 
        "r2_joint_3", 
        "r1_joint_6", 
        "r2_joint_1", 
        "r2_joint_6", 
        "r3_joint_5", 
        "r2_joint_4"
    ], 
    "joint_types": [
        0, 
        0, 
        0, 
        2, 
        0, 
        2, 
        0, 
        0, 
        0, 
        0, 
        0, 
        0, 
        0, 
        0, 
        0, 
        0, 
        0, 
        0, 
        0, 
        0
    ], 
    "joint_values": [
        1.064650843716541, 
        0.6108652381980153, 
        0.22689280275926285, 
        3.899, 
        1.7823352737781895, 
        0.001, 
        1.2042771838760873, 
        0.26179938779914941, 
        -2.5439074284482985, 
        0.58927042436309118, 
        1.5358897417550099, 
        -0.74160907558253186, 
        1.2033269127028305, 
        0.0, 
        -0.26179938779914941, 
        -1.5882496193148399, 
        -1.5882496193148399, 
        -1.6231562043547265, 
        0.61933265662163428, 
        0.0
    ]
}