{
    "joint_names": [
        "r1_joint_5", 
        "r2_joint_2", 
        "r1_joint_3", 
        "r2_cart_joint", 
        "r3_joint_6", 
        "r1_cart_joint", 
        "r2_joint_5", 
        "r1_joint_2", 
        "r3_joint_3", 
        "r3_joint_1", 
        "r1_joint_1", 
        "r3_joint_4", 
        "r3_joint_2", 
        "r1_joint_4", 
        "r2_joint_3", 
        "r1_joint_6", 
        "r2_joint_1", 
        "r2_joint_6", 
        "r3_joint_5", 
        "r2_joint_4"
    ], 
    "joint_types": [
        0, 
        0, 
        0, 
        2, 
        0, 
        2, 
        0, 
        0, 
        0, 
        0, 
        0, 
        0, 
        0, 
        0, 
        0, 
        0, 
        0, 
        0, 
        0, 
        0
    ], 
    "joint_values": [
        -0.69731331287803133, 
        0.07169119015027714, 
        -2.3824854402421298, 
        2.5823266177060007, 
        0.73303828583761843, 
        1.1259642511462331, 
        1.0005230696325955, 
        0.83093837150774363, 
        0.43633231299858238, 
        2.3038346126325151, 
        1.0792105409988773, 
        0.0, 
        0.10471975511965978, 
        -1.2718743076313099, 
        -0.69017660282100302, 
        0.43505508008827537, 
        -0.84650593121801265, 
        -0.81096079050640879, 
        1.0122909661567112, 
        1.0968482002938071
    ]
}