{
    "joint_names": [
        "r1_joint_5", 
        "r2_joint_2", 
        "r1_joint_3", 
        "r2_cart_joint", 
        "r3_joint_6", 
        "r1_cart_joint", 
        "r2_joint_5", 
        "r1_joint_2", 
        "r3_joint_3", 
        "r3_joint_1", 
        "r1_joint_1", 
        "r3_joint_4", 
        "r3_joint_2", 
        "r1_joint_4", 
        "r2_joint_3", 
        "r1_joint_6", 
        "r2_joint_1", 
        "r2_joint_6", 
        "r3_joint_5", 
        "r2_joint_4"
    ], 
    "joint_types": [
        0, 
        0, 
        0, 
        2, 
        0, 
        2, 
        0, 
        0, 
        0, 
        0, 
        0, 
        0, 
        0, 
        0, 
        0, 
        0, 
        0, 
        0, 
        0, 
        0
    ], 
    "joint_values": [
        0.95726209810782703, 
        0.07169119015027714, 
        -0.53020715549632169, 
        2.5823266177060007, 
        0.73303828583761843, 
        0.53989639189451544, 
        1.0005230696325955, 
        -0.62110824840920509, 
        0.43633231299858238, 
        2.3038346126325151, 
        0.0084869033497577684, 
        0.0, 
        0.10471975511965978, 
        -0.030057379323461753, 
        -0.69017660282100302, 
        0.023694527378222863, 
        -0.84650593121801265, 
        -0.81096079050640879, 
        1.0122909661567112, 
        1.0968482002938071
    ]
}