{
    "joint_names": [
        "r1_joint_5", 
        "r2_joint_2", 
        "r1_joint_3", 
        "r2_cart_joint", 
        "r3_joint_6", 
        "r1_cart_joint", 
        "r2_joint_5", 
        "r1_joint_2", 
        "r3_joint_3", 
        "r3_joint_1", 
        "r1_joint_1", 
        "r3_joint_4", 
        "r3_joint_2", 
        "r1_joint_4", 
        "r2_joint_3", 
        "r1_joint_6", 
        "r2_joint_1", 
        "r2_joint_6", 
        "r3_joint_5", 
        "r2_joint_4"
    ], 
    "joint_types": [
        0, 
        0, 
        0, 
        2, 
        0, 
        2, 
        0, 
        0, 
        0, 
        0, 
        0, 
        0, 
        0, 
        0, 
        0, 
        0, 
        0, 
        0, 
        0, 
        0
    ], 
    "joint_values": [
        -0.4725352810305643, 
        0.07169119015027714, 
        -1.8799888904790287, 
        2.5823266177060007, 
        0.73303828583761843, 
        0.84277847175336984, 
        1.0005230696325955, 
        0.85694733109123589, 
        0.43633231299858238, 
        2.3038346126325151, 
        1.2683068809656961, 
        0.0, 
        0.10471975511965978, 
        -1.0243518382140164, 
        -0.69017660282100302, 
        -0.10026403388311289, 
        -0.84650593121801265, 
        -0.81096079050640879, 
        1.0122909661567112, 
        1.0968482002938071
    ]
}