{
    "joint_names": [
        "r1_joint_5", 
        "r2_joint_2", 
        "r1_joint_3", 
        "r2_cart_joint", 
        "r3_joint_6", 
        "r1_cart_joint", 
        "r2_joint_5", 
        "r1_joint_2", 
        "r3_joint_3", 
        "r3_joint_1", 
        "r1_joint_1", 
        "r3_joint_4", 
        "r3_joint_2", 
        "r1_joint_4", 
        "r2_joint_3", 
        "r1_joint_6", 
        "r2_joint_1", 
        "r2_joint_6", 
        "r3_joint_5", 
        "r2_joint_4"
    ], 
    "joint_types": [
        0, 
        0, 
        0, 
        2, 
        0, 
        2, 
        0, 
        0, 
        0, 
        0, 
        0, 
        0, 
        0, 
        0, 
        0, 
        0, 
        0, 
        0, 
        0, 
        0
    ], 
    "joint_values": [
        2.0406907043643967, 
        -0.064704424298958951, 
        -1.0091283252787921, 
        2.4336642583089523, 
        0.50902971839235012, 
        0.52983836585740662, 
        1.6637450495798844, 
        0.34827846322338285, 
        0.58557562829329945, 
        0.68583278628416733, 
        0.61598316290949151, 
        -1.9711092667582186, 
        -0.28684521888351477, 
        -1.9854980235299344, 
        -0.41328886074933463, 
        -2.336431633087813, 
        -1.7432183201128135, 
        -1.0357070330281752, 
        0.64208044389772467, 
        1.5684751116584215
    ]
}