{
    "joint_names": [
        "r1_joint_5", 
        "r2_joint_2", 
        "r1_joint_3", 
        "r2_cart_joint", 
        "r3_joint_6", 
        "r1_cart_joint", 
        "r2_joint_5", 
        "r1_joint_2", 
        "r3_joint_3", 
        "r3_joint_1", 
        "r1_joint_1", 
        "r3_joint_4", 
        "r3_joint_2", 
        "r1_joint_4", 
        "r2_joint_3", 
        "r1_joint_6", 
        "r2_joint_1", 
        "r2_joint_6", 
        "r3_joint_5", 
        "r2_joint_4"
    ], 
    "joint_types": [
        0, 
        0, 
        0, 
        2, 
        0, 
        2, 
        0, 
        0, 
        0, 
        0, 
        0, 
        0, 
        0, 
        0, 
        0, 
        0, 
        0, 
        0, 
        0, 
        0
    ], 
    "joint_values": [
        -1.2085333578100264, 
        -0.18268806156870998, 
        0.45979901755773622, 
        1.4025113008372851, 
        0.73303828583761843, 
        1.8847664739078811, 
        -0.5863897790381063, 
        -0.57537635039314527, 
        0.43633231299858238, 
        2.3038346126325151, 
        -1.1513257522672387, 
        0.0, 
        0.10471975511965978, 
        4.6709300556397251, 
        -1.2699627760713632, 
        3.2627000216299398, 
        -0.235715220126229, 
        0.13209608330102962, 
        1.0122909661567112, 
        -2.0139114015894348
    ]
}