{
    "0": {
        "p_mid_xyz": [
            3.2763210685,
            0.7979401442,
            2.455051553
        ],
        "p_x1_xyz": [
            3.3558318981,
            0.798025165,
            2.45473837
        ],
        "p_y1_xyz": [
            3.3158691379,
            0.7966279498,
            2.4837960272
        ],
        "n_mid_xyz": [
            -0.0023887864506333964,
            -0.9996907515795469,
            0.0247526747163621
        ]
    }
}