{
    "0": {
        "p_mid_xyz": [
            3.4960120067,
            0.7986429818,
            1.5842465818
        ],
        "p_x1_xyz": [
            3.4960457764,
            0.7988423323,
            1.4839587254
        ],
        "p_y1_xyz": [
            3.5060368252,
            0.7979268184,
            1.5335221873
        ],
        "n_mid_xyz": [
            -0.19829665495162999,
            -0.9788765873006458,
            -0.049790194512930395
        ]
    }
}