{
    "0": {
        "p_mid_xyz": [
            3.1470107533,
            1.80069731,
            2.4953907582
        ],
        "p_x1_xyz": [
            3.1464025336,
            1.691247857,
            2.4974234845
        ],
        "p_y1_xyz": [
            3.1365831574,
            1.7214429223,
            2.4973511845
        ],
        "n_mid_xyz": [
            -0.2177391427174034,
            0.21501251896847245,
            0.9520290344393508
        ]
    }
}