{
    "0": {
        "p_mid_xyz": [
            2.2856582574,
            0.7993496365,
            1.0936687826
        ],
        "p_x1_xyz": [
            2.2858496094,
            0.7993470143,
            1.2036554498
        ],
        "p_y1_xyz": [
            2.3051995675,
            0.7991243315,
            1.0933171852
        ],
        "n_mid_xyz": [
            -0.33586548261284194,
            -0.939488730466391,
            0.06749298419755673
        ]
    }
}