{
    "0": {
        "p_mid_xyz": [
            3.5136867963,
            1.1126448783,
            2.4534129328
        ],
        "p_x1_xyz": [
            3.5136447812,
            1.1824498611,
            2.4535665167
        ],
        "p_y1_xyz": [
            3.5139665378,
            1.1226118413,
            2.4736988301
        ],
        "n_mid_xyz": [
            0.9982159181808888,
            0.035752870922471855,
            0.047819587107022554
        ]
    }
}