{
    "0": {
        "p_mid_xyz": [
            3.3889970813,
            0.8721335047,
            1.2923868326
        ],
        "p_x1_xyz": [
            3.3898159063,
            0.871479408,
            1.3927989303
        ],
        "p_y1_xyz": [
            3.3924940592,
            0.8626838582,
            1.3429601644
        ],
        "n_mid_xyz": [
            0.9983145069996201,
            -0.05383804627457719,
            0.021670484245670574
        ]
    },
    "1": {
        "p_mid_xyz": [
            3.3892100454,
            0.8719235949,
            1.3322331938
        ],
        "p_x1_xyz": [
            3.3890444173,
            0.8720531061,
            1.4425041304
        ],
        "p_y1_xyz": [
            3.3888160116,
            0.8617077513,
            1.47317217
        ],
        "n_mid_xyz": [
            0.9977409141595744,
            -0.06326982160211533,
            -0.022583132786514783
        ]
    }
}