{
    "joint_names": [
        "r1_joint_5", 
        "r2_joint_2", 
        "r1_joint_3", 
        "r2_cart_joint", 
        "r3_joint_6", 
        "r1_cart_joint", 
        "r2_joint_5", 
        "r1_joint_2", 
        "r3_joint_3", 
        "r3_joint_1", 
        "r1_joint_1", 
        "r3_joint_4", 
        "r3_joint_2", 
        "r1_joint_4", 
        "r2_joint_3", 
        "r1_joint_6", 
        "r2_joint_1", 
        "r2_joint_6", 
        "r3_joint_5", 
        "r2_joint_4"
    ], 
    "joint_types": [
        0, 
        0, 
        0, 
        2, 
        0, 
        2, 
        0, 
        0, 
        0, 
        0, 
        0, 
        0, 
        0, 
        0, 
        0, 
        0, 
        0, 
        0, 
        0, 
        0
    ], 
    "joint_values": [
        1.8186457461277834, 
        0.6108652381980153, 
        -1.6104818549192921, 
        3.899, 
        -4.187224077917759, 
        1.1611962266103137, 
        1.2042771838760873, 
        0.65041910502593803, 
        -1.7212134975138431, 
        0.51046764495916386, 
        0.76379058166710379, 
        -0.34928408306450609, 
        0.42238203121986645, 
        -1.9406693875764283, 
        -0.26179938779914941, 
        -5.7190482194951775, 
        -1.5882496193148399, 
        -1.6231562043547265, 
        1.1986102094977122, 
        0.0
    ]
}