{
    "joint_names": [
        "r1_joint_5", 
        "r2_joint_2", 
        "r1_joint_3", 
        "r2_cart_joint", 
        "r3_joint_6", 
        "r1_cart_joint", 
        "r2_joint_5", 
        "r1_joint_2", 
        "r3_joint_3", 
        "r3_joint_1", 
        "r1_joint_1", 
        "r3_joint_4", 
        "r3_joint_2", 
        "r1_joint_4", 
        "r2_joint_3", 
        "r1_joint_6", 
        "r2_joint_1", 
        "r2_joint_6", 
        "r3_joint_5", 
        "r2_joint_4"
    ], 
    "joint_types": [
        0, 
        0, 
        0, 
        2, 
        0, 
        2, 
        0, 
        0, 
        0, 
        0, 
        0, 
        0, 
        0, 
        0, 
        0, 
        0, 
        0, 
        0, 
        0, 
        0
    ], 
    "joint_values": [
        -0.86713975726507375, 
        0.070408650687639171, 
        -0.51515481514174521, 
        2.5840717749182938, 
        1.6241078166597949, 
        0.86077056233268068, 
        0.99976705981834679, 
        -0.087737445394605554, 
        -2.3067557845822568, 
        1.2698298307069096, 
        0.66730621715679339, 
        -1.0671953761970547, 
        -0.056695984134646646, 
        2.1946166165017953, 
        -0.68878706674147905, 
        0.7322675753048149, 
        -0.84553039456977663, 
        -0.81064246918817562, 
        -0.66647681011254933, 
        1.0961107007843325
    ]
}