{
    "joint_names": [
        "r1_joint_5", 
        "r2_joint_2", 
        "r1_joint_3", 
        "r2_cart_joint", 
        "r3_joint_6", 
        "r1_cart_joint", 
        "r2_joint_5", 
        "r1_joint_2", 
        "r3_joint_3", 
        "r3_joint_1", 
        "r1_joint_1", 
        "r3_joint_4", 
        "r3_joint_2", 
        "r1_joint_4", 
        "r2_joint_3", 
        "r1_joint_6", 
        "r2_joint_1", 
        "r2_joint_6", 
        "r3_joint_5", 
        "r2_joint_4"
    ], 
    "joint_types": [
        0, 
        0, 
        0, 
        2, 
        0, 
        2, 
        0, 
        0, 
        0, 
        0, 
        0, 
        0, 
        0, 
        0, 
        0, 
        0, 
        0, 
        0, 
        0, 
        0
    ], 
    "joint_values": [
        1.2598901323253853, 
        0.6108652381980153, 
        0.9584175224041358, 
        3.899, 
        3.1164371401617523, 
        1.2564051573471622, 
        1.2042771838760873, 
        -0.40108798701094955, 
        0.15330504937633205, 
        -0.41879950970721846, 
        1.2020257352545431, 
        1.3763114453170879, 
        -0.46705213774253856, 
        -1.7724220483011155, 
        -0.26179938779914941, 
        -2.3960053286641312, 
        -1.5882496193148399, 
        -1.6231562043547265, 
        0.61577256130860547, 
        0.0
    ]
}