{
    "joint_values": [
        0,
        0,
        0,
        0,
        0,
        0,
        0,
        3894.601318359375,
        -69.54900360107422,
        -13.172170639038086,
        55.956214904785156,
        53.13976287841797,
        85.75582885742188,
        -239.9352264404297,
        0,
        0,
        0,
        0,
        0,
        0
    ],
    "joint_types": [
        2,
        0,
        0,
        0,
        0,
        0,
        0,
        2,
        0,
        0,
        0,
        0,
        0,
        0,
        0,
        0,
        0,
        0,
        0,
        0
    ],
    "joint_names": [
        "r1_cart_joint",
        "r1_joint_1",
        "r1_joint_2",
        "r1_joint_3",
        "r1_joint_4",
        "r1_joint_5",
        "r1_joint_6",
        "r2_cart_joint",
        "r2_joint_1",
        "r2_joint_2",
        "r2_joint_3",
        "r2_joint_4",
        "r2_joint_5",
        "r2_joint_6",
        "r3_joint_1",
        "r3_joint_2",
        "r3_joint_3",
        "r3_joint_4",
        "r3_joint_5",
        "r3_joint_6"
    ]
}