{
    "joint_names": [
        "r1_joint_5", 
        "r2_joint_2", 
        "r1_joint_3", 
        "r2_cart_joint", 
        "r3_joint_6", 
        "r1_cart_joint", 
        "r2_joint_5", 
        "r1_joint_2", 
        "r3_joint_3", 
        "r3_joint_1", 
        "r1_joint_1", 
        "r3_joint_4", 
        "r3_joint_2", 
        "r1_joint_4", 
        "r2_joint_3", 
        "r1_joint_6", 
        "r2_joint_1", 
        "r2_joint_6", 
        "r3_joint_5", 
        "r2_joint_4"
    ], 
    "joint_types": [
        0, 
        0, 
        0, 
        2, 
        0, 
        2, 
        0, 
        0, 
        0, 
        0, 
        0, 
        0, 
        0, 
        0, 
        0, 
        0, 
        0, 
        0, 
        0, 
        0
    ], 
    "joint_values": [
        2.0406907043643967, 
        0.0330158205494121, 
        -1.0091283252787921, 
        3.4500923416698663, 
        0.67575601434175059, 
        0.52983836585740662, 
        1.4998315377664335, 
        0.34827846322338285, 
        0.60255957496819768, 
        0.59824667423487432, 
        0.61598316290949151, 
        -1.9187362617005255, 
        -0.37947408339330041, 
        -1.9854980235299344, 
        0.12274224388742389, 
        -2.336431633087813, 
        -1.772731967275551, 
        -2.2003114224111675, 
        0.60468810115686378, 
        0.56824745878872984
    ]
}