{
    "joint_names": [
        "r1_joint_5", 
        "r2_joint_2", 
        "r1_joint_3", 
        "r2_cart_joint", 
        "r3_joint_6", 
        "r1_cart_joint", 
        "r2_joint_5", 
        "r1_joint_2", 
        "r3_joint_3", 
        "r3_joint_1", 
        "r1_joint_1", 
        "r3_joint_4", 
        "r3_joint_2", 
        "r1_joint_4", 
        "r2_joint_3", 
        "r1_joint_6", 
        "r2_joint_1", 
        "r2_joint_6", 
        "r3_joint_5", 
        "r2_joint_4"
    ], 
    "joint_types": [
        0, 
        0, 
        0, 
        2, 
        0, 
        2, 
        0, 
        0, 
        0, 
        0, 
        0, 
        0, 
        0, 
        0, 
        0, 
        0, 
        0, 
        0, 
        0, 
        0
    ], 
    "joint_values": [
        0.5977455186327103, 
        0.38319769888345423, 
        0.40054816715225106, 
        3.7510081188714031, 
        4.6645750736497709, 
        0.920781575762185, 
        1.0786219685272309, 
        0.012624607359830934, 
        -1.2556064797061739, 
        -0.057601696433485436, 
        0.44513162327310735, 
        -3.035185838256321, 
        0.17877981450825295, 
        -2.2704206921295302, 
        -0.47369544775246297, 
        0.79441331962561967, 
        -1.555799122977843, 
        -0.58549829016907329, 
        -1.0218737684584589, 
        0.64072310864396731
    ]
}