{
    "joint_names": [
        "r1_joint_5", 
        "r2_joint_2", 
        "r1_joint_3", 
        "r2_cart_joint", 
        "r3_joint_6", 
        "r1_cart_joint", 
        "r2_joint_5", 
        "r1_joint_2", 
        "r3_joint_3", 
        "r3_joint_1", 
        "r1_joint_1", 
        "r3_joint_4", 
        "r3_joint_2", 
        "r1_joint_4", 
        "r2_joint_3", 
        "r1_joint_6", 
        "r2_joint_1", 
        "r2_joint_6", 
        "r3_joint_5", 
        "r2_joint_4"
    ], 
    "joint_types": [
        0, 
        0, 
        0, 
        2, 
        0, 
        2, 
        0, 
        0, 
        0, 
        0, 
        0, 
        0, 
        0, 
        0, 
        0, 
        0, 
        0, 
        0, 
        0, 
        0
    ], 
    "joint_values": [
        0.5977455186327103, 
        -0.050969583444349563, 
        0.40054816715225106, 
        3.5351849396542603, 
        4.6645750736497709, 
        0.920781575762185, 
        2.0943951023931953, 
        0.012624607359830934, 
        -1.2556064797061739, 
        -0.057601696433485436, 
        0.44513162327310735, 
        -3.035185838256321, 
        0.17877981450825295, 
        -2.2704206921295302, 
        -0.14714189171803699, 
        0.79441331962561967, 
        0.64749296836797221, 
        2.7044594279492173, 
        -1.0218737684584589, 
        4.1947587191669777
    ]
}