{
    "joint_names": [
        "r1_joint_5", 
        "r2_joint_2", 
        "r1_joint_3", 
        "r2_cart_joint", 
        "r3_joint_6", 
        "r1_cart_joint", 
        "r2_joint_5", 
        "r1_joint_2", 
        "r3_joint_3", 
        "r3_joint_1", 
        "r1_joint_1", 
        "r3_joint_4", 
        "r3_joint_2", 
        "r1_joint_4", 
        "r2_joint_3", 
        "r1_joint_6", 
        "r2_joint_1", 
        "r2_joint_6", 
        "r3_joint_5", 
        "r2_joint_4"
    ], 
    "joint_types": [
        0, 
        0, 
        0, 
        2, 
        0, 
        2, 
        0, 
        0, 
        0, 
        0, 
        0, 
        0, 
        0, 
        0, 
        0, 
        0, 
        0, 
        0, 
        0, 
        0
    ], 
    "joint_values": [
        0.5977455186327103, 
        0.24659717529471753, 
        0.40054816715225106, 
        3.6622129901942446, 
        4.6645750736497709, 
        0.920781575762185, 
        1.0032288393179172, 
        0.012624607359830934, 
        -1.2556064797061739, 
        -0.057601696433485436, 
        0.44513162327310735, 
        -3.035185838256321, 
        0.17877981450825295, 
        -2.2704206921295302, 
        -0.6008330837244511, 
        0.79441331962561967, 
        -1.5363288251756448, 
        0.037096458342318561, 
        -1.0218737684584589, 
        1.0251569738303477
    ]
}