{
    "joint_names": [
        "r1_joint_5", 
        "r2_joint_2", 
        "r1_joint_3", 
        "r2_cart_joint", 
        "r3_joint_6", 
        "r1_cart_joint", 
        "r2_joint_5", 
        "r1_joint_2", 
        "r3_joint_3", 
        "r3_joint_1", 
        "r1_joint_1", 
        "r3_joint_4", 
        "r3_joint_2", 
        "r1_joint_4", 
        "r2_joint_3", 
        "r1_joint_6", 
        "r2_joint_1", 
        "r2_joint_6", 
        "r3_joint_5", 
        "r2_joint_4"
    ], 
    "joint_types": [
        0, 
        0, 
        0, 
        2, 
        0, 
        2, 
        0, 
        0, 
        0, 
        0, 
        0, 
        0, 
        0, 
        0, 
        0, 
        0, 
        0, 
        0, 
        0, 
        0
    ], 
    "joint_values": [
        0.5977455186327103, 
        0.064463143843068615, 
        0.40054816715225106, 
        3.5438194852913671, 
        4.6645750736497709, 
        0.920781575762185, 
        0.90270466703883212, 
        0.012624607359830934, 
        -1.2556064797061739, 
        -0.057601696433485436, 
        0.44513162327310735, 
        -3.035185838256321, 
        0.17877981450825295, 
        -2.2704206921295302, 
        -0.77034993168710186, 
        0.79441331962561967, 
        -1.5103684281060472, 
        0.86722278969084132, 
        -1.0218737684584589, 
        1.5377354607455216
    ]
}