{
    "joint_names": [
        "r1_joint_5", 
        "r2_joint_2", 
        "r1_joint_3", 
        "r2_cart_joint", 
        "r3_joint_6", 
        "r1_cart_joint", 
        "r2_joint_5", 
        "r1_joint_2", 
        "r3_joint_3", 
        "r3_joint_1", 
        "r1_joint_1", 
        "r3_joint_4", 
        "r3_joint_2", 
        "r1_joint_4", 
        "r2_joint_3", 
        "r1_joint_6", 
        "r2_joint_1", 
        "r2_joint_6", 
        "r3_joint_5", 
        "r2_joint_4"
    ], 
    "joint_types": [
        0, 
        0, 
        0, 
        2, 
        0, 
        2, 
        0, 
        0, 
        0, 
        0, 
        0, 
        0, 
        0, 
        0, 
        0, 
        0, 
        0, 
        0, 
        0, 
        0
    ], 
    "joint_values": [
        0.5977455186327103, 
        -0.28225938903482889, 
        0.40054816715225106, 
        3.3326664222015427, 
        4.6645750736497709, 
        0.920781575762185, 
        0.98035452719281313, 
        0.012624607359830934, 
        -1.2556064797061739, 
        -0.057601696433485436, 
        0.44513162327310735, 
        -3.035185838256321, 
        0.17877981450825295, 
        -2.2704206921295302, 
        -0.93648692219913143, 
        0.79441331962561967, 
        -1.0020752840421476, 
        2.7284611193802029, 
        -1.0218737684584589, 
        3.0132631269180159
    ]
}