{
    "joint_names": [
        "r1_joint_5", 
        "r2_joint_2", 
        "r1_joint_3", 
        "r2_cart_joint", 
        "r3_joint_6", 
        "r1_cart_joint", 
        "r2_joint_5", 
        "r1_joint_2", 
        "r3_joint_3", 
        "r3_joint_1", 
        "r1_joint_1", 
        "r3_joint_4", 
        "r3_joint_2", 
        "r1_joint_4", 
        "r2_joint_3", 
        "r1_joint_6", 
        "r2_joint_1", 
        "r2_joint_6", 
        "r3_joint_5", 
        "r2_joint_4"
    ], 
    "joint_types": [
        0, 
        0, 
        0, 
        2, 
        0, 
        2, 
        0, 
        0, 
        0, 
        0, 
        0, 
        0, 
        0, 
        0, 
        0, 
        0, 
        0, 
        0, 
        0, 
        0
    ], 
    "joint_values": [
        2.0406907043643967, 
        0.080567767967857362, 
        -1.0091283252787921, 
        3.3555188661143025, 
        3.5484661130227977, 
        0.52983836585740662, 
        0.0094693852514948773, 
        0.34827846322338285, 
        -1.0248315182732035, 
        0.55442803160247123, 
        0.61598316290949151, 
        -0.66328620715066045, 
        0.11962702867206546, 
        -1.9854980235299344, 
        0.16918126827095276, 
        -2.336431633087813, 
        -1.2651755348121907, 
        -1.2717033558451245, 
        1.0010980168295098, 
        -0.0013344365298783233
    ]
}