{
    "joint_names": [
        "r1_joint_5", 
        "r2_joint_2", 
        "r1_joint_3", 
        "r2_cart_joint", 
        "r3_joint_6", 
        "r1_cart_joint", 
        "r2_joint_5", 
        "r1_joint_2", 
        "r3_joint_3", 
        "r3_joint_1", 
        "r1_joint_1", 
        "r3_joint_4", 
        "r3_joint_2", 
        "r1_joint_4", 
        "r2_joint_3", 
        "r1_joint_6", 
        "r2_joint_1", 
        "r2_joint_6", 
        "r3_joint_5", 
        "r2_joint_4"
    ], 
    "joint_types": [
        0, 
        0, 
        0, 
        2, 
        0, 
        2, 
        0, 
        0, 
        0, 
        0, 
        0, 
        0, 
        0, 
        0, 
        0, 
        0, 
        0, 
        0, 
        0, 
        0
    ], 
    "joint_values": [
        2.0406907043643967, 
        -0.22245935787794735, 
        -1.0091283252787921, 
        3.0449582181796182, 
        3.5484661130227977, 
        0.52983836585740662, 
        -0.67327792824827259, 
        0.34827846322338285, 
        -1.0248315182732035, 
        0.55442803160247123, 
        0.61598316290949151, 
        -0.66328620715066045, 
        0.11962702867206546, 
        -1.9854980235299344, 
        0.41545592888243971, 
        -2.336431633087813, 
        -1.080561772239248, 
        -1.0708731566967806, 
        1.0010980168295098, 
        -0.0020969716898087943
    ]
}