{
    "joint_names": [
        "r1_joint_5", 
        "r2_joint_2", 
        "r1_joint_3", 
        "r2_cart_joint", 
        "r3_joint_6", 
        "r1_cart_joint", 
        "r2_joint_5", 
        "r1_joint_2", 
        "r3_joint_3", 
        "r3_joint_1", 
        "r1_joint_1", 
        "r3_joint_4", 
        "r3_joint_2", 
        "r1_joint_4", 
        "r2_joint_3", 
        "r1_joint_6", 
        "r2_joint_1", 
        "r2_joint_6", 
        "r3_joint_5", 
        "r2_joint_4"
    ], 
    "joint_types": [
        0, 
        0, 
        0, 
        2, 
        0, 
        2, 
        0, 
        0, 
        0, 
        0, 
        0, 
        0, 
        0, 
        0, 
        0, 
        0, 
        0, 
        0, 
        0, 
        0
    ], 
    "joint_values": [
        1.064650843716541, 
        -0.17031541230822012, 
        0.22689280275926285, 
        2.985317862775394, 
        5.2346900389402373, 
        0.001, 
        -0.1594924953871055, 
        0.26179938779914941, 
        -0.76744932323989745, 
        0.53164573913937341, 
        1.5358897417550099, 
        -3.5443201753089855, 
        0.36557949366663411, 
        0.0, 
        -0.48955809684133456, 
        -1.5882496193148399, 
        -0.65823856032082184, 
        1.7705785730040999, 
        -1.2102181071300742, 
        3.5445079175835592
    ]
}