{
    "joint_names": [
        "r1_joint_5", 
        "r2_joint_2", 
        "r1_joint_3", 
        "r2_cart_joint", 
        "r3_joint_6", 
        "r1_cart_joint", 
        "r2_joint_5", 
        "r1_joint_2", 
        "r3_joint_3", 
        "r3_joint_1", 
        "r1_joint_1", 
        "r3_joint_4", 
        "r3_joint_2", 
        "r1_joint_4", 
        "r2_joint_3", 
        "r1_joint_6", 
        "r2_joint_1", 
        "r2_joint_6", 
        "r3_joint_5", 
        "r2_joint_4"
    ], 
    "joint_types": [
        0, 
        0, 
        0, 
        2, 
        0, 
        2, 
        0, 
        0, 
        0, 
        0, 
        0, 
        0, 
        0, 
        0, 
        0, 
        0, 
        0, 
        0, 
        0, 
        0
    ], 
    "joint_values": [
        1.064650843716541, 
        -0.063790778148278937, 
        0.22689280275926285, 
        3.1099108814878402, 
        5.2346900389402373, 
        0.001, 
        0.026476097239693575, 
        0.26179938779914941, 
        -0.76744932323989745, 
        0.53164573913937341, 
        1.5358897417550099, 
        -3.5443201753089855, 
        0.36557949366663411, 
        0.0, 
        -0.45850009106285478, 
        -1.5882496193148399, 
        -0.7850582501836425, 
        1.3077965579097144, 
        -1.2102181071300742, 
        3.0611659288221649
    ]
}