{
    "joint_names": [
        "r1_joint_5", 
        "r2_joint_2", 
        "r1_joint_3", 
        "r2_cart_joint", 
        "r3_joint_6", 
        "r1_cart_joint", 
        "r2_joint_5", 
        "r1_joint_2", 
        "r3_joint_3", 
        "r3_joint_1", 
        "r1_joint_1", 
        "r3_joint_4", 
        "r3_joint_2", 
        "r1_joint_4", 
        "r2_joint_3", 
        "r1_joint_6", 
        "r2_joint_1", 
        "r2_joint_6", 
        "r3_joint_5", 
        "r2_joint_4"
    ], 
    "joint_types": [
        0, 
        0, 
        0, 
        2, 
        0, 
        2, 
        0, 
        0, 
        0, 
        0, 
        0, 
        0, 
        0, 
        0, 
        0, 
        0, 
        0, 
        0, 
        0, 
        0
    ], 
    "joint_values": [
        1.8186457461277834, 
        0.64516338630569015, 
        -1.6104818549192921, 
        3.4443631220818434, 
        0.73303828583761843, 
        1.1611962266103137, 
        -0.1291737232131438, 
        0.65041910502593803, 
        0.43633231299858238, 
        2.3038346126325151, 
        0.76379058166710379, 
        0.0, 
        0.10471975511965978, 
        -1.9406693875764283, 
        -1.0988303829024599, 
        -5.7190482194951775, 
        -1.2655093127074122, 
        2.4968465862131914, 
        1.0122909661567112, 
        -1.4054556099918174
    ]
}