{
    "joint_names": [
        "r1_joint_5", 
        "r2_joint_2", 
        "r1_joint_3", 
        "r2_cart_joint", 
        "r3_joint_6", 
        "r1_cart_joint", 
        "r2_joint_5", 
        "r1_joint_2", 
        "r3_joint_3", 
        "r3_joint_1", 
        "r1_joint_1", 
        "r3_joint_4", 
        "r3_joint_2", 
        "r1_joint_4", 
        "r2_joint_3", 
        "r1_joint_6", 
        "r2_joint_1", 
        "r2_joint_6", 
        "r3_joint_5", 
        "r2_joint_4"
    ], 
    "joint_types": [
        0, 
        0, 
        0, 
        2, 
        0, 
        2, 
        0, 
        0, 
        0, 
        0, 
        0, 
        0, 
        0, 
        0, 
        0, 
        0, 
        0, 
        0, 
        0, 
        0
    ], 
    "joint_values": [
        1.8186457461277834, 
        0.67060202543550052, 
        -1.6104818549192921, 
        3.6186948695211383, 
        0.73303828583761843, 
        1.1611962266103137, 
        -1.0703057413404715, 
        0.65041910502593803, 
        0.43633231299858238, 
        2.3038346126325151, 
        0.76379058166710379, 
        0.0, 
        0.10471975511965978, 
        -1.9406693875764283, 
        -1.3361246919552532, 
        -5.7190482194951775, 
        -0.68713382099616238, 
        3.6556281925692495, 
        1.0122909661567112, 
        -1.5924149599427739
    ]
}