{
	"class_name" : "ViewTrajectory",
	"interval" : 29,
	"is_loop" : false,
	"trajectory" : 
	[
		{
			"boundingbox_max" : [ 3.8994914550781248, 3.3889999999999998, 3.0476098632812501 ],
			"boundingbox_min" : [ 1.4334158325195312, 0.45552202203924008, 1.2443658447265624 ],
			"field_of_view" : 60.0,
			"front" : [ -0.67167076131367809, -0.035223462581634876, 0.74001195671425757 ],
			"lookat" : [ 1.6504210753513286, 0.46488199810017217, 3.0619350235075959 ],
			"up" : [ 0.72058900249699298, 0.20094364928727282, 0.663606162788971 ],
			"zoom" : 0.63900000000000023
		}
	],
	"version_major" : 1,
	"version_minor" : 0
}