{
    "joint_names": [
        "r1_joint_5", 
        "r2_joint_2", 
        "r1_joint_3", 
        "r2_cart_joint", 
        "r3_joint_6", 
        "r1_cart_joint", 
        "r2_joint_5", 
        "r1_joint_2", 
        "r3_joint_3", 
        "r3_joint_1", 
        "r1_joint_1", 
        "r3_joint_4", 
        "r3_joint_2", 
        "r1_joint_4", 
        "r2_joint_3", 
        "r1_joint_6", 
        "r2_joint_1", 
        "r2_joint_6", 
        "r3_joint_5", 
        "r2_joint_4"
    ], 
    "joint_types": [
        0, 
        0, 
        0, 
        2, 
        0, 
        2, 
        0, 
        0, 
        0, 
        0, 
        0, 
        0, 
        0, 
        0, 
        0, 
        0, 
        0, 
        0, 
        0, 
        0
    ], 
    "joint_values": [
        2.0406907043643967, 
        0.6108652381980153, 
        -1.0091283252787921, 
        3.899, 
        0.6452022936279096, 
        0.52983836585740662, 
        1.2042771838760873, 
        0.34827846322338285, 
        -0.6861965843750224, 
        0.94617616571783381, 
        0.61598316290949151, 
        -0.83369952401001757, 
        -0.24671403132031594, 
        -1.9854980235299344, 
        -0.26179938779914941, 
        -2.336431633087813, 
        -1.5882496193148399, 
        -1.6231562043547265, 
        1.1269996986929158, 
        0.0
    ]
}