{
    "joint_names": [
        "r1_joint_5", 
        "r2_joint_2", 
        "r1_joint_3", 
        "r2_cart_joint", 
        "r3_joint_6", 
        "r1_cart_joint", 
        "r2_joint_5", 
        "r1_joint_2", 
        "r3_joint_3", 
        "r3_joint_1", 
        "r1_joint_1", 
        "r3_joint_4", 
        "r3_joint_2", 
        "r1_joint_4", 
        "r2_joint_3", 
        "r1_joint_6", 
        "r2_joint_1", 
        "r2_joint_6", 
        "r3_joint_5", 
        "r2_joint_4"
    ], 
    "joint_types": [
        0, 
        0, 
        0, 
        2, 
        0, 
        2, 
        0, 
        0, 
        0, 
        0, 
        0, 
        0, 
        0, 
        0, 
        0, 
        0, 
        0, 
        0, 
        0, 
        0
    ], 
    "joint_values": [
        0.72557374339960001, 
        -0.14545323447426795, 
        0.090154409871969876, 
        2.4676111154104099, 
        -6.2750184749205236, 
        1.1922862709578173, 
        0.83363546375596831, 
        -0.15012159356583979, 
        -0.10231387573534548, 
        -0.0024110139028234831, 
        0.8099521494100953, 
        3.1607320844176261, 
        -0.01784956704151305, 
        -1.4990837084685171, 
        0.19627472522618095, 
        -3.2283323256974201, 
        -0.87149195404350588, 
        -0.06877082432471418, 
        1.4508370984531258, 
        1.6219499170365113
    ]
}