{
    "joint_names": [
        "r1_joint_5", 
        "r2_joint_2", 
        "r1_joint_3", 
        "r2_cart_joint", 
        "r3_joint_6", 
        "r1_cart_joint", 
        "r2_joint_5", 
        "r1_joint_2", 
        "r3_joint_3", 
        "r3_joint_1", 
        "r1_joint_1", 
        "r3_joint_4", 
        "r3_joint_2", 
        "r1_joint_4", 
        "r2_joint_3", 
        "r1_joint_6", 
        "r2_joint_1", 
        "r2_joint_6", 
        "r3_joint_5", 
        "r2_joint_4"
    ], 
    "joint_types": [
        0, 
        0, 
        0, 
        2, 
        0, 
        2, 
        0, 
        0, 
        0, 
        0, 
        0, 
        0, 
        0, 
        0, 
        0, 
        0, 
        0, 
        0, 
        0, 
        0
    ], 
    "joint_values": [
        1.0949035601724215, 
        -0.14545323447426795, 
        0.24941536790364252, 
        2.4676111154104099, 
        -6.2750184749205236, 
        0.67783439237343257, 
        0.83363546375596831, 
        -0.090461572416786429, 
        -0.10231387573534548, 
        -0.0024110139028234831, 
        1.3456663956809343, 
        3.1607320844176261, 
        -0.01784956704151305, 
        -0.82271598123560297, 
        0.19627472522618095, 
        -2.5089500702954775, 
        -0.87149195404350588, 
        -0.06877082432471418, 
        1.4508370984531258, 
        1.6219499170365113
    ]
}