{
    "joint_names": [
        "r1_joint_5", 
        "r2_joint_2", 
        "r1_joint_3", 
        "r2_cart_joint", 
        "r3_joint_6", 
        "r1_cart_joint", 
        "r2_joint_5", 
        "r1_joint_2", 
        "r3_joint_3", 
        "r3_joint_1", 
        "r1_joint_1", 
        "r3_joint_4", 
        "r3_joint_2", 
        "r1_joint_4", 
        "r2_joint_3", 
        "r1_joint_6", 
        "r2_joint_1", 
        "r2_joint_6", 
        "r3_joint_5", 
        "r2_joint_4"
    ], 
    "joint_types": [
        0, 
        0, 
        0, 
        2, 
        0, 
        2, 
        0, 
        0, 
        0, 
        0, 
        0, 
        0, 
        0, 
        0, 
        0, 
        0, 
        0, 
        0, 
        0, 
        0
    ], 
    "joint_values": [
        1.1201141572189885, 
        -0.14545323447426795, 
        0.26818417219062557, 
        2.4676111154104099, 
        -6.2750184749205236, 
        1.2418630526846264, 
        0.83363546375596831, 
        -0.38401237259673293, 
        -0.10231387573534548, 
        -0.0024110139028234831, 
        1.1871469406192046, 
        3.1607320844176261, 
        -0.01784956704151305, 
        -1.5083126322652722, 
        0.19627472522618095, 
        -3.2762004461126759, 
        -0.87149195404350588, 
        -0.06877082432471418, 
        1.4508370984531258, 
        1.6219499170365113
    ]
}