{
    "joint_names": [
        "r1_joint_5", 
        "r2_joint_2", 
        "r1_joint_3", 
        "r2_cart_joint", 
        "r3_joint_6", 
        "r1_cart_joint", 
        "r2_joint_5", 
        "r1_joint_2", 
        "r3_joint_3", 
        "r3_joint_1", 
        "r1_joint_1", 
        "r3_joint_4", 
        "r3_joint_2", 
        "r1_joint_4", 
        "r2_joint_3", 
        "r1_joint_6", 
        "r2_joint_1", 
        "r2_joint_6", 
        "r3_joint_5", 
        "r2_joint_4"
    ], 
    "joint_types": [
        0, 
        0, 
        0, 
        2, 
        0, 
        2, 
        0, 
        0, 
        0, 
        0, 
        0, 
        0, 
        0, 
        0, 
        0, 
        0, 
        0, 
        0, 
        0, 
        0
    ], 
    "joint_values": [
        1.0848193213537947, 
        -0.14545323447426795, 
        0.24190784618884931, 
        2.4676111154104099, 
        -6.2750184749205236, 
        0.4522229282489551, 
        0.83363546375596831, 
        0.026958747655192156, 
        -0.10231387573534548, 
        -0.0024110139028234831, 
        1.4090741777056262, 
        3.1607320844176261, 
        -0.01784956704151305, 
        -0.54847732082373535, 
        0.19627472522618095, 
        -2.2020499199685983, 
        -0.87149195404350588, 
        -0.06877082432471418, 
        1.4508370984531258, 
        1.6219499170365113
    ]
}