{
    "joint_names": [
        "r1_joint_5", 
        "r2_joint_2", 
        "r1_joint_3", 
        "r2_cart_joint", 
        "r3_joint_6", 
        "r1_cart_joint", 
        "r2_joint_5", 
        "r1_joint_2", 
        "r3_joint_3", 
        "r3_joint_1", 
        "r1_joint_1", 
        "r3_joint_4", 
        "r3_joint_2", 
        "r1_joint_4", 
        "r2_joint_3", 
        "r1_joint_6", 
        "r2_joint_1", 
        "r2_joint_6", 
        "r3_joint_5", 
        "r2_joint_4"
    ], 
    "joint_types": [
        0, 
        0, 
        0, 
        2, 
        0, 
        2, 
        0, 
        0, 
        0, 
        0, 
        0, 
        0, 
        0, 
        0, 
        0, 
        0, 
        0, 
        0, 
        0, 
        0
    ], 
    "joint_values": [
        1.0412511736827259, 
        0.43616858933686004, 
        0.50477582550453959, 
        2.9183641523493962, 
        0.73303828583761843, 
        3.2727535660143325, 
        0.33718198982572523, 
        -0.66852770535408879, 
        0.43633231299858238, 
        2.3038346126325151, 
        1.0887049451400246, 
        0.0, 
        0.10471975511965978, 
        -1.4767304868967643, 
        -1.1077683287422468, 
        -3.3318411918738318, 
        -1.1780485184306853, 
        -1.3519171208711076, 
        1.0122909661567112, 
        -1.3555619263463337
    ]
}