{
    "joint_names": [
        "r1_joint_5", 
        "r2_joint_2", 
        "r1_joint_3", 
        "r2_cart_joint", 
        "r3_joint_6", 
        "r1_cart_joint", 
        "r2_joint_5", 
        "r1_joint_2", 
        "r3_joint_3", 
        "r3_joint_1", 
        "r1_joint_1", 
        "r3_joint_4", 
        "r3_joint_2", 
        "r1_joint_4", 
        "r2_joint_3", 
        "r1_joint_6", 
        "r2_joint_1", 
        "r2_joint_6", 
        "r3_joint_5", 
        "r2_joint_4"
    ], 
    "joint_types": [
        0, 
        0, 
        0, 
        2, 
        0, 
        2, 
        0, 
        0, 
        0, 
        0, 
        0, 
        0, 
        0, 
        0, 
        0, 
        0, 
        0, 
        0, 
        0, 
        0
    ], 
    "joint_values": [
        1.0412511736827259, 
        0.39809361607898419, 
        0.50477582550453959, 
        2.7342243275379317, 
        0.73303828583761843, 
        3.2727535660143325, 
        0.16118264610143285, 
        -0.66852770535408879, 
        0.43633231299858238, 
        2.3038346126325151, 
        1.0887049451400246, 
        0.0, 
        0.10471975511965978, 
        -1.4767304868967643, 
        -1.2705672551864478, 
        -3.3318411918738318, 
        -1.0823231731121004, 
        -1.3006391824514028, 
        1.0122909661567112, 
        -1.6335011414106435
    ]
}