{
    "0": {
        "p_mid_xyz": [
            1.2061810518,
            0.8746206019,
            1.2654636733
        ],
        "p_x1_xyz": [
            1.2061810518,
            0.8746206019,
            0.8554355243
        ],
        "p_y1_xyz": [
            1.2061810518,
            0.8855798207,
            0.8814731873
        ],
        "n_mid_xyz": [
            0.9729695830008668,
            0.23071929660521148,
            -0.009939654376083561
        ]
    }
}