{
    "0": {
        "p_mid_xyz": [
            2.279569954,
            2.6251009445,
            0.8512985268
        ],
        "p_x1_xyz": [
            2.2797619096,
            2.6257747359,
            0.7317469438
        ],
        "p_y1_xyz": [
            2.2705824059,
            2.6247572717,
            0.831620288
        ],
        "n_mid_xyz": [
            0.14895130861181405,
            -0.9834559729766256,
            0.10309149760977858
        ]
    }
}