{
    "0": {
        "p_mid_xyz": [
            3.09027,
            0.847395,
            2.42846
        ],
        "p_x1_xyz": [
            3.06436,
            0.847395,
            2.40255
        ],
        "p_y1_xyz": [
            3.06436,
            0.885183,
            2.40255
        ],
        "n_mid_xyz": [
            0.3203882776183573,
            -0.9472810307797818,
            -0.0031623234395725696
        ]
    }
}