{
    "0": {
        "p_mid_xyz": [
            2.2297212497,
            2.6290142887,
            1.2215287616
        ],
        "p_x1_xyz": [
            2.3095970335,
            2.629114712,
            1.2215139512
        ],
        "p_y1_xyz": [
            2.2596615777,
            2.6286097526,
            1.2137622435
        ],
        "n_mid_xyz": [
            -0.04639197858427497,
            -0.9596331205810048,
            -0.27740233994506747
        ]
    }
}