{
    "0": {
        "p_mid_xyz": [
            1.6997099711,
            2.6475007019,
            1.7919290517
        ],
        "p_x1_xyz": [
            1.679441798,
            2.6471514807,
            1.741467305
        ],
        "p_y1_xyz": [
            1.6792759741,
            2.6471079883,
            1.7717768262
        ],
        "n_mid_xyz": [
            -0.1358680311469895,
            -0.9834636299813629,
            0.1197462592990761
        ]
    }
}