{
    "0": {
        "p_mid_xyz": [
            1.07719,
            1.42226,
            1.04859
        ],
        "p_x1_xyz": [
            1.07719,
            1.4323,
            1.01818
        ],
        "p_y1_xyz": [
            1.07719,
            1.40417,
            1.04262
        ],
        "n_mid_xyz": [
            -0.18081762580017674,
            -0.9835007667667764,
            -0.005588199097217678
        ]
    }
}