{
    "0": {
        "p_mid_xyz": [
            1.6212,
            2.63174,
            1.04859
        ],
        "p_x1_xyz": [
            1.63294,
            2.63174,
            1.01302
        ],
        "p_y1_xyz": [
            1.60311,
            2.63174,
            1.04262
        ],
        "n_mid_xyz": [
            -0.18081762580017674,
            -0.9835007667667764,
            -0.005588199097217678
        ]
    }
}