{
    "0": {
        "p_mid_xyz": [
            1.057818662,
            1.4849729792,
            1.0753619486
        ],
        "p_x1_xyz": [
            1.0584808815,
            1.4344961906,
            1.0253358522
        ],
        "p_y1_xyz": [
            1.0576433589,
            1.4446734721,
            1.045173116
        ],
        "n_mid_xyz": [
            0.9827463146163512,
            -0.13971638523176175,
            0.12119823763466912
        ]
    }
}