{
    "0": {
        "p_mid_xyz": [
            3.17771,
            0.802945,
            1.04859
        ],
        "p_x1_xyz": [
            3.18839,
            0.802945,
            1.01621
        ],
        "p_y1_xyz": [
            3.1958,
            0.802945,
            1.05456
        ],
        "n_mid_xyz": [
            -0.18081762580017674,
            -0.9835007667667764,
            -0.005588199097217678
        ]
    }
}