{
    "0": {
        "p_mid_xyz": [
            1.0896971442,
            2.9079034415,
            2.3641774988
        ],
        "p_x1_xyz": [
            1.0902315918,
            3.8305164062,
            2.3641774988
        ],
        "p_y1_xyz": [
            2.0802818957,
            2.9074393176,
            2.3641774988
        ],
        "n_mid_xyz": [
            -0.05185625860988168,
            -0.47876708425158604,
            0.8764091552923325
        ]
    }
}