{
    "0": {
        "p_mid_xyz": [
            1.4697439925,
            0.806684911,
            1.3853681088
        ],
        "p_x1_xyz": [
            1.469704284,
            0.8051959443,
            1.2652506345
        ],
        "p_y1_xyz": [
            1.4796495646,
            0.8058420444,
            1.3353262329
        ],
        "n_mid_xyz": [
            -0.054847964545446395,
            -0.9984883037218667,
            0.003578842808849483
        ]
    }
}