{
    "0": {
        "p_mid_xyz": [
            3.47246,
            1.30275,
            0.980175
        ],
        "p_x1_xyz": [
            3.47431,
            1.28584,
            0.950373
        ],
        "p_y1_xyz": [
            3.47256,
            1.31932,
            0.970776
        ],
        "n_mid_xyz": [
            -0.18081762580017674,
            -0.9835007667667764,
            -0.005588199097217678
        ]
    }
}