{
    "0": {
        "p_mid_xyz": [
            1.0997895702,
            0.80363974,
            1.6954360379
        ],
        "p_x1_xyz": [
            1.0999661667,
            0.802274132,
            1.5853357791
        ],
        "p_y1_xyz": [
            1.1125558534,
            0.8052677887,
            1.6649309433
        ],
        "n_mid_xyz": [
            0.12291161030575153,
            -0.9900125476672326,
            -0.06904992044515608
        ]
    }
}