{
    "0": {
        "p_mid_xyz": [
            1.4996728064,
            2.626665984,
            1.1816624959
        ],
        "p_x1_xyz": [
            1.4996771631,
            2.6269609863,
            1.1417724805
        ],
        "p_y1_xyz": [
            1.490269754,
            2.6273644897,
            1.111680307
        ],
        "n_mid_xyz": [
            0.2941826774743096,
            0.9555598749203786,
            0.019023083772017196
        ]
    }
}