{
    "0": {
        "p_mid_xyz": [
            1.073801563,
            2.5238903633,
            1.5719329572
        ],
        "p_x1_xyz": [
            1.0733590509,
            2.5238127389,
            1.4614407421
        ],
        "p_y1_xyz": [
            1.0738799272,
            2.5140491836,
            1.5516078044
        ],
        "n_mid_xyz": [
            0.9991365645639144,
            0.0021865474985870853,
            0.04148908725743585
        ]
    }
}