{
    "0": {
        "p_mid_xyz": [
            1.0791772587,
            0.9046622889,
            1.2750188994
        ],
        "p_x1_xyz": [
            1.0788482666,
            0.9049649048,
            1.2057610762
        ],
        "p_y1_xyz": [
            1.0800147104,
            0.8952509748,
            1.2354642263
        ],
        "n_mid_xyz": [
            0.9960663505443957,
            0.0058033375782930025,
            0.08842028379348903
        ]
    }
}