{
    "0": {
        "p_mid_xyz": [
            3.47246,
            2.13139,
            0.980175
        ],
        "p_x1_xyz": [
            3.47431,
            2.14831,
            0.950373
        ],
        "p_y1_xyz": [
            3.47236,
            2.14796,
            0.989574
        ],
        "n_mid_xyz": [
            -0.18081762580017674,
            -0.9835007667667764,
            -0.005588199097217678
        ]
    }
}