{
    "0": {
        "p_mid_xyz": [
            1.0791884433,
            1.3049556913,
            1.5353299561
        ],
        "p_x1_xyz": [
            1.078345488,
            1.3045879342,
            1.4455470814
        ],
        "p_y1_xyz": [
            1.0786050307,
            1.2941972728,
            1.4751796109
        ],
        "n_mid_xyz": [
            0.996438771349787,
            0.0816902062009139,
            0.02089222730536991
        ]
    }
}