{
    "0": {
        "p_mid_xyz": [
            1.07719,
            2.23179,
            1.71333
        ],
        "p_x1_xyz": [
            1.07719,
            2.22176,
            1.68292
        ],
        "p_y1_xyz": [
            1.07719,
            2.2137,
            1.7193
        ],
        "n_mid_xyz": [
            -0.18081762580017674,
            -0.9835007667667764,
            -0.005588199097217678
        ]
    }
}