{
    "0": {
        "p_mid_xyz": [
            1.7799890029,
            0.7881648714,
            1.5755626408
        ],
        "p_x1_xyz": [
            1.7011520386,
            0.7885773468,
            1.4361778259
        ],
        "p_y1_xyz": [
            1.7498711286,
            0.7883432741,
            1.5052394772
        ],
        "n_mid_xyz": [
            -0.08496210711257927,
            -0.9963229282316078,
            -0.011048214108397793
        ]
    }
}