{
    "0": {
        "p_mid_xyz": [
            1.07719,
            2.01242,
            1.04859
        ],
        "p_x1_xyz": [
            1.07719,
            2.00239,
            1.01818
        ],
        "p_y1_xyz": [
            1.07719,
            1.99433,
            1.05456
        ],
        "n_mid_xyz": [
            -0.18081762580017674,
            -0.9835007667667764,
            -0.005588199097217678
        ]
    }
}