{
    "0": {
        "p_mid_xyz": [
            1.0902104289,
            0.5343523478,
            2.3712194295
        ],
        "p_x1_xyz": [
            1.0903302636,
            -0.5943362325,
            2.3712194295
        ],
        "p_y1_xyz": [
            -1.1011560101,
            0.5774090459,
            2.3712194295
        ],
        "n_mid_xyz": [
            0.14680972340171375,
            -0.2849241766704517,
            0.9472407923349677
        ]
    }
}