{
    "0": {
        "p_mid_xyz": [
            3.17416,
            2.63174,
            1.77357
        ],
        "p_x1_xyz": [
            3.18,
            2.63174,
            1.73657
        ],
        "p_y1_xyz": [
            3.15534,
            2.63174,
            1.7706
        ],
        "n_mid_xyz": [
            -0.18081762580017674,
            -0.9835007667667764,
            -0.005588199097217678
        ]
    }
}