{
    "0": {
        "p_mid_xyz": [
            1.6212,
            0.802945,
            1.04859
        ],
        "p_x1_xyz": [
            1.6317,
            0.802945,
            1.01677
        ],
        "p_y1_xyz": [
            1.63929,
            0.802945,
            1.05456
        ],
        "n_mid_xyz": [
            -0.18081762580017674,
            -0.9835007667667764,
            -0.005588199097217678
        ]
    }
}