{
    "0": {
        "p_mid_xyz": [
            1.0726833008,
            2.1236706665,
            1.4514701172
        ],
        "p_x1_xyz": [
            1.0723946838,
            2.1247919668,
            1.3831134414
        ],
        "p_y1_xyz": [
            1.0728675659,
            2.113654602,
            1.4338247315
        ],
        "n_mid_xyz": [
            0.9971354869747144,
            -0.06469293460528927,
            0.03918730442190336
        ]
    }
}