{
    "0": {
        "p_mid_xyz": [
            1.0896124498,
            2.6291721647,
            1.7516350344
        ],
        "p_x1_xyz": [
            1.089493071,
            2.6289759183,
            1.6717344948
        ],
        "p_y1_xyz": [
            1.0801741351,
            2.628557947,
            1.7115982959
        ],
        "n_mid_xyz": [
            0.12372961943278314,
            -0.992296983473092,
            0.0061382298116729956
        ]
    }
}