{
    "0": {
        "p_mid_xyz": [
            2.3097579858,
            0.8058223503,
            1.7851797269
        ],
        "p_x1_xyz": [
            2.3098716981,
            0.8049287169,
            1.7054746374
        ],
        "p_y1_xyz": [
            2.3193496732,
            0.8050823768,
            1.7354648869
        ],
        "n_mid_xyz": [
            -0.18081762580017674,
            -0.9835007667667764,
            -0.005588199097217678
        ]
    }
}