{
    "0": {
        "p_mid_xyz": [
            1.1642827567,
            2.5180114949,
            0.9518346949
        ],
        "p_x1_xyz": [
            1.1642827567,
            2.5181446565,
            0.9219297496
        ],
        "p_y1_xyz": [
            1.1642827567,
            2.5252060547,
            0.9377913208
        ],
        "n_mid_xyz": [
            -0.5761029582089032,
            0.8073403605660125,
            -0.1276985659437548
        ]
    }
}