{
    "0": {
        "p_mid_xyz": [
			2.19689,
			0.802945,
			1.04859
        ],
        "p_x1_xyz": [
			2.18197,
			0.802945,
			1.00337
        ],
        "p_y1_xyz": [
			2.21498,
			0.802945,
			1.04262
        ],
        "n_mid_xyz": [
            -0.18081762580017674,
            -0.9835007667667764,
            -0.005588199097217678
        ]
    }
}