{
    "0": {
        "p_mid_xyz": [
            3.29675,
            2.63174,
            0.996384
        ],
        "p_x1_xyz": [
            3.30259,
            2.63174,
            0.959386
        ],
        "p_y1_xyz": [
            3.27793,
            2.63174,
            0.993416
        ],
        "n_mid_xyz": [
            -0.18081762580017674,
            -0.9835007667667764,
            -0.005588199097217678
        ]
    }
}