{
    "0": {
        "p_mid_xyz": [
            2.22218,
            2.63174,
            1.05304
        ],
        "p_x1_xyz": [
            2.21204,
            2.63174,
            1.02048
        ],
        "p_y1_xyz": [
            2.20399,
            2.63174,
            1.0587
        ],
        "n_mid_xyz": [
            -0.18081762580017674,
            -0.9835007667667764,
            -0.005588199097217678
        ]
    }
}