{
    "joint_names": [
        "r1_joint_5", 
        "r2_joint_2", 
        "r1_joint_3", 
        "r2_cart_joint", 
        "r3_joint_6", 
        "r1_cart_joint", 
        "r2_joint_5", 
        "r1_joint_2", 
        "r3_joint_3", 
        "r3_joint_1", 
        "r1_joint_1", 
        "r3_joint_4", 
        "r3_joint_2", 
        "r1_joint_4", 
        "r2_joint_3", 
        "r1_joint_6", 
        "r2_joint_1", 
        "r2_joint_6", 
        "r3_joint_5", 
        "r2_joint_4"
    ], 
    "joint_types": [
        0, 
        0, 
        0, 
        2, 
        0, 
        2, 
        0, 
        0, 
        0, 
        0, 
        0, 
        0, 
        0, 
        0, 
        0, 
        0, 
        0, 
        0, 
        0, 
        0
    ], 
    "joint_values": [
        1.1563164171520137, 
        0.07169119015027714, 
        0.23861319943241482, 
        2.5823266177060007, 
        3.8783618280875252, 
        0.27763049760852632, 
        1.0005230696325955, 
        0.14232178085339744, 
        -0.88330753717128496, 
        -0.73333286298648392, 
        1.572486809476046, 
        -3.1262648673186328, 
        0.52194493943018838, 
        -0.25085211555530734, 
        -0.69017660282100302, 
        -1.8075167593115531, 
        -0.84650593121801265, 
        -0.81096079050640879, 
        1.1969238272426332, 
        1.0968482002938071
    ]
}