{
    "joint_names": [
        "r1_joint_5", 
        "r2_joint_2", 
        "r1_joint_3", 
        "r2_cart_joint", 
        "r3_joint_6", 
        "r1_cart_joint", 
        "r2_joint_5", 
        "r1_joint_2", 
        "r3_joint_3", 
        "r3_joint_1", 
        "r1_joint_1", 
        "r3_joint_4", 
        "r3_joint_2", 
        "r1_joint_4", 
        "r2_joint_3", 
        "r1_joint_6", 
        "r2_joint_1", 
        "r2_joint_6", 
        "r3_joint_5", 
        "r2_joint_4"
    ], 
    "joint_types": [
        0, 
        0, 
        0, 
        2, 
        0, 
        2, 
        0, 
        0, 
        0, 
        0, 
        0, 
        0, 
        0, 
        0, 
        0, 
        0, 
        0, 
        0, 
        0, 
        0
    ], 
    "joint_values": [
        1.3396475640229595, 
        0.07169119015027714, 
        0.26205399277871883, 
        2.5823266177060007, 
        3.8783618280875252, 
        0.83089149282557895, 
        1.0005230696325955, 
        -0.096633433038106453, 
        -0.88330753717128496, 
        -0.73333286298648392, 
        1.6456809449181184, 
        -3.1262648673186328, 
        0.52194493943018838, 
        -0.75255634666592208, 
        -0.69017660282100302, 
        -2.2460510393049797, 
        -0.84650593121801265, 
        -0.81096079050640879, 
        1.1969238272426332, 
        1.0968482002938071
    ]
}