{
    "joint_names": [
        "r1_joint_5", 
        "r2_joint_2", 
        "r1_joint_3", 
        "r2_cart_joint", 
        "r3_joint_6", 
        "r1_cart_joint", 
        "r2_joint_5", 
        "r1_joint_2", 
        "r3_joint_3", 
        "r3_joint_1", 
        "r1_joint_1", 
        "r3_joint_4", 
        "r3_joint_2", 
        "r1_joint_4", 
        "r2_joint_3", 
        "r1_joint_6", 
        "r2_joint_1", 
        "r2_joint_6", 
        "r3_joint_5", 
        "r2_joint_4"
    ], 
    "joint_types": [
        0, 
        0, 
        0, 
        2, 
        0, 
        2, 
        0, 
        0, 
        0, 
        0, 
        0, 
        0, 
        0, 
        0, 
        0, 
        0, 
        0, 
        0, 
        0, 
        0
    ], 
    "joint_values": [
        1.064650843716541, 
        -0.47685275731092924, 
        0.22689280275926285, 
        2.8068212358116376, 
        1.6253510341984927, 
        0.001, 
        2.0070779731018646, 
        0.26179938779914941, 
        0.34539229598175647, 
        2.0062003117267628, 
        1.5358897417550099, 
        -0.69528844655431099, 
        0.090404143269355502, 
        0.0, 
        0.79486167244228401, 
        -1.5882496193148399, 
        -0.36742811265354136, 
        -0.20988117636689055, 
        0.66015830334239167, 
        1.7863093381627124
    ]
}