{
    "joint_names": [
        "r1_joint_5", 
        "r2_joint_2", 
        "r1_joint_3", 
        "r2_cart_joint", 
        "r3_joint_6", 
        "r1_cart_joint", 
        "r2_joint_5", 
        "r1_joint_2", 
        "r3_joint_3", 
        "r3_joint_1", 
        "r1_joint_1", 
        "r3_joint_4", 
        "r3_joint_2", 
        "r1_joint_4", 
        "r2_joint_3", 
        "r1_joint_6", 
        "r2_joint_1", 
        "r2_joint_6", 
        "r3_joint_5", 
        "r2_joint_4"
    ], 
    "joint_types": [
        0, 
        0, 
        0, 
        2, 
        0, 
        2, 
        0, 
        0, 
        0, 
        0, 
        0, 
        0, 
        0, 
        0, 
        0, 
        0, 
        0, 
        0, 
        0, 
        0
    ], 
    "joint_values": [
        1.2048624312334526, 
        0.40167910469309531, 
        -0.17161906508109667, 
        3.3778706380863963, 
        4.6645750736497709, 
        0.023872263499783865, 
        1.8201845904870322, 
        -0.063166572366931073, 
        -1.2556064797061739, 
        -0.057601696433485436, 
        0.42221029659697606, 
        -3.035185838256321, 
        0.17877981450825295, 
        1.8137416202500023, 
        -0.67321997025543312, 
        -4.167573361039083, 
        0.37122752509707324, 
        2.755524640233852, 
        -1.0218737684584589, 
        4.2906124451841317
    ]
}