{
    "joint_names": [
        "r1_joint_5", 
        "r2_joint_2", 
        "r1_joint_3", 
        "r2_cart_joint", 
        "r3_joint_6", 
        "r1_cart_joint", 
        "r2_joint_5", 
        "r1_joint_2", 
        "r3_joint_3", 
        "r3_joint_1", 
        "r1_joint_1", 
        "r3_joint_4", 
        "r3_joint_2", 
        "r1_joint_4", 
        "r2_joint_3", 
        "r1_joint_6", 
        "r2_joint_1", 
        "r2_joint_6", 
        "r3_joint_5", 
        "r2_joint_4"
    ], 
    "joint_types": [
        0, 
        0, 
        0, 
        2, 
        0, 
        2, 
        0, 
        0, 
        0, 
        0, 
        0, 
        0, 
        0, 
        0, 
        0, 
        0, 
        0, 
        0, 
        0, 
        0
    ], 
    "joint_values": [
        1.1832914177693123, 
        0.40167910469309531, 
        -0.11030954695181064, 
        3.3778706380863963, 
        4.6645750736497709, 
        0.020353453730586352, 
        1.8201845904870322, 
        -0.013171809264457213, 
        -1.2556064797061739, 
        -0.057601696433485436, 
        0.59354559585205813, 
        -3.035185838256321, 
        0.17877981450825295, 
        1.5347044479038483, 
        -0.67321997025543312, 
        -3.7707543238507384, 
        0.37122752509707324, 
        2.755524640233852, 
        -1.0218737684584589, 
        4.2906124451841317
    ]
}