{
	"class_name" : "ViewTrajectory",
	"interval" : 29,
	"is_loop" : false,
	"trajectory" : 
	[
		{
			"boundingbox_max" : [ 2.3102944336000002, 3.1989531250000001, 1.2482792046 ],
			"boundingbox_min" : [ -1.6439283446999999, 0.098240722700000005, -0.087784423799999997 ],
			"field_of_view" : 60.0,
			"front" : [ -0.72483044643046646, -0.44047019586863267, 0.52972335277846605 ],
			"lookat" : [ 0.54189931316545747, 1.7514723510750423, 0.40609262887236958 ],
			"up" : [ 0.47346059277783337, 0.24007183910930682, 0.84746715520611038 ],
			"zoom" : 0.5990000000000002
		}
	],
	"version_major" : 1,
	"version_minor" : 0
}