{
	"class_name" : "ViewTrajectory",
	"interval" : 29,
	"is_loop" : false,
	"trajectory" : 
	[
		{
			"boundingbox_max" : [ 2.3102944335937501, 3.1989531250000001, 1.246694091796875 ],
			"boundingbox_min" : [ -1.6439283447265625, 0.87392151596966916, -0.067939208984374999 ],
			"field_of_view" : 60.0,
			"front" : [ -0.71615270490450711, -0.56281657854104961, 0.41275029034187821 ],
			"lookat" : [ -0.072276546799430769, 0.99083711048560597, 0.7942659491360301 ],
			"up" : [ 0.39403837252609353, 0.16207696268527841, 0.9046904548759771 ],
			"zoom" : 0.63900000000000023
		}
	],
	"version_major" : 1,
	"version_minor" : 0
}