{
    "joint_values": [
        0,
        0,
        0,
        0,
        0,
        0,
        0,
        3894.54443359375,
        63.6948356628418,
        -37.99436569213867,
        -46.493263244628906,
        -21.085065841674805,
        99.49024200439453,
        -85.39982604980469,
        0,
        0,
        0,
        0,
        0,
        0
    ],
    "joint_types": [
        2,
        0,
        0,
        0,
        0,
        0,
        0,
        2,
        0,
        0,
        0,
        0,
        0,
        0,
        0,
        0,
        0,
        0,
        0,
        0
    ],
    "joint_names": [
        "r1_cart_joint",
        "r1_joint_1",
        "r1_joint_2",
        "r1_joint_3",
        "r1_joint_4",
        "r1_joint_5",
        "r1_joint_6",
        "r2_cart_joint",
        "r2_joint_1",
        "r2_joint_2",
        "r2_joint_3",
        "r2_joint_4",
        "r2_joint_5",
        "r2_joint_6",
        "r3_joint_1",
        "r3_joint_2",
        "r3_joint_3",
        "r3_joint_4",
        "r3_joint_5",
        "r3_joint_6"
    ]
}