{
    "joint_values": [
        0,
        0,
        0,
        0,
        0,
        0,
        0,
        414.76995849609375,
        -42.539615631103516,
        -9.805889129638672,
        -74.73744201660156,
        -3.9277148246765137,
        111.3880386352539,
        -94.45418548583984,
        0,
        0,
        0,
        0,
        0,
        0
    ],
    "joint_types": [
        2,
        0,
        0,
        0,
        0,
        0,
        0,
        2,
        0,
        0,
        0,
        0,
        0,
        0,
        0,
        0,
        0,
        0,
        0,
        0
    ],
    "joint_names": [
        "r1_cart_joint",
        "r1_joint_1",
        "r1_joint_2",
        "r1_joint_3",
        "r1_joint_4",
        "r1_joint_5",
        "r1_joint_6",
        "r2_cart_joint",
        "r2_joint_1",
        "r2_joint_2",
        "r2_joint_3",
        "r2_joint_4",
        "r2_joint_5",
        "r2_joint_6",
        "r3_joint_1",
        "r3_joint_2",
        "r3_joint_3",
        "r3_joint_4",
        "r3_joint_5",
        "r3_joint_6"
    ]
}