{
    "joint_values": [
        0,
        0,
        0,
        0,
        0,
        0,
        0,
        3510.512451171875,
        -95.34178161621094,
        16.539915084838867,
        -3.289024591445923,
        2.25749135017395,
        86.10193634033203,
        78.502197265625
    ],
    "joint_types": [
        2,
        0,
        0,
        0,
        0,
        0,
        0,
        2,
        0,
        0,
        0,
        0,
        0,
        0
    ],
    "joint_names": [
        "r2_cart_joint",
        "r2_joint_1",
        "r2_joint_2",
        "r2_joint_3",
        "r2_joint_4",
        "r2_joint_5",
        "r2_joint_6",
        "r1_cart_joint",
        "r1_joint_1",
        "r1_joint_2",
        "r1_joint_3",
        "r1_joint_4",
        "r1_joint_5",
        "r1_joint_6"
    ]
}