{
    "joint_values": [
        0,
        0,
        0,
        0,
        0,
        0,
        0,
        3510.5400390625,
        -121.89949035644531,
        -31.31682014465332,
        62.6315803527832,
        58.723106384277344,
        51.77512741088867,
        -168.08486938476562
    ],
    "joint_types": [
        2,
        0,
        0,
        0,
        0,
        0,
        0,
        2,
        0,
        0,
        0,
        0,
        0,
        0
    ],
    "joint_names": [
        "r2_cart_joint",
        "r2_joint_1",
        "r2_joint_2",
        "r2_joint_3",
        "r2_joint_4",
        "r2_joint_5",
        "r2_joint_6",
        "r1_cart_joint",
        "r1_joint_1",
        "r1_joint_2",
        "r1_joint_3",
        "r1_joint_4",
        "r1_joint_5",
        "r1_joint_6"
    ]
}