{
    "joint_values": [
        0,
        0,
        0,
        0,
        0,
        0,
        0,
        3510.51318359375,
        -97.16400146484375,
        46.217071533203125,
        -25.695995330810547,
        2.177565813064575,
        111.07011413574219,
        90.71683502197266
    ],
    "joint_types": [
        2,
        0,
        0,
        0,
        0,
        0,
        0,
        2,
        0,
        0,
        0,
        0,
        0,
        0
    ],
    "joint_names": [
        "r2_cart_joint",
        "r2_joint_1",
        "r2_joint_2",
        "r2_joint_3",
        "r2_joint_4",
        "r2_joint_5",
        "r2_joint_6",
        "r1_cart_joint",
        "r1_joint_1",
        "r1_joint_2",
        "r1_joint_3",
        "r1_joint_4",
        "r1_joint_5",
        "r1_joint_6"
    ]
}