{
    "joint_values": [
        0,
        0,
        0,
        0,
        0,
        0,
        0,
        3510.514404296875,
        -71.79441833496094,
        37.50038146972656,
        -10.154659271240234,
        -31.194778442382812,
        114.13038635253906,
        -122.1841049194336
    ],
    "joint_types": [
        2,
        0,
        0,
        0,
        0,
        0,
        0,
        2,
        0,
        0,
        0,
        0,
        0,
        0
    ],
    "joint_names": [
        "r2_cart_joint",
        "r2_joint_1",
        "r2_joint_2",
        "r2_joint_3",
        "r2_joint_4",
        "r2_joint_5",
        "r2_joint_6",
        "r1_cart_joint",
        "r1_joint_1",
        "r1_joint_2",
        "r1_joint_3",
        "r1_joint_4",
        "r1_joint_5",
        "r1_joint_6"
    ]
}