{
    "joint_values": [
        0,
        0,
        0,
        0,
        0,
        0,
        0,
        3899.662841796875,
        -84.71768188476562,
        10.632288932800293,
        3.9089574813842773,
        -4.752427101135254,
        108.56455993652344,
        -21.500734329223633
    ],
    "joint_types": [
        2,
        0,
        0,
        0,
        0,
        0,
        0,
        2,
        0,
        0,
        0,
        0,
        0,
        0
    ],
    "joint_names": [
        "r2_cart_joint",
        "r2_joint_1",
        "r2_joint_2",
        "r2_joint_3",
        "r2_joint_4",
        "r2_joint_5",
        "r2_joint_6",
        "r1_cart_joint",
        "r1_joint_1",
        "r1_joint_2",
        "r1_joint_3",
        "r1_joint_4",
        "r1_joint_5",
        "r1_joint_6"
    ]
}