{
    "joint_values": [
        0,
        0,
        0,
        0,
        0,
        0,
        0,
        3899.65185546875,
        -127.65232849121094,
        -18.151826858520508,
        32.10405349731445,
        20.648696899414062,
        83.1235580444336,
        -238.53713989257812
    ],
    "joint_types": [
        2,
        0,
        0,
        0,
        0,
        0,
        0,
        2,
        0,
        0,
        0,
        0,
        0,
        0
    ],
    "joint_names": [
        "r2_cart_joint",
        "r2_joint_1",
        "r2_joint_2",
        "r2_joint_3",
        "r2_joint_4",
        "r2_joint_5",
        "r2_joint_6",
        "r1_cart_joint",
        "r1_joint_1",
        "r1_joint_2",
        "r1_joint_3",
        "r1_joint_4",
        "r1_joint_5",
        "r1_joint_6"
    ]
}