{
    "joint_values": [
        0,
        0,
        0,
        0,
        0,
        0,
        0,
        3510.5283203125,
        -89.55133056640625,
        -26.46494483947754,
        39.38725280761719,
        1.1790000200271606,
        59.231468200683594,
        -80.46268463134766
    ],
    "joint_types": [
        2,
        0,
        0,
        0,
        0,
        0,
        0,
        2,
        0,
        0,
        0,
        0,
        0,
        0
    ],
    "joint_names": [
        "r2_cart_joint",
        "r2_joint_1",
        "r2_joint_2",
        "r2_joint_3",
        "r2_joint_4",
        "r2_joint_5",
        "r2_joint_6",
        "r1_cart_joint",
        "r1_joint_1",
        "r1_joint_2",
        "r1_joint_3",
        "r1_joint_4",
        "r1_joint_5",
        "r1_joint_6"
    ]
}