{
    "joint_values": [
        0,
        0,
        0,
        0,
        0,
        0,
        0,
        3510.5341796875,
        -131.72000122070312,
        3.565028429031372,
        33.74821472167969,
        47.52830505371094,
        85.23917388916016,
        -164.1481475830078
    ],
    "joint_types": [
        2,
        0,
        0,
        0,
        0,
        0,
        0,
        2,
        0,
        0,
        0,
        0,
        0,
        0
    ],
    "joint_names": [
        "r2_cart_joint",
        "r2_joint_1",
        "r2_joint_2",
        "r2_joint_3",
        "r2_joint_4",
        "r2_joint_5",
        "r2_joint_6",
        "r1_cart_joint",
        "r1_joint_1",
        "r1_joint_2",
        "r1_joint_3",
        "r1_joint_4",
        "r1_joint_5",
        "r1_joint_6"
    ]
}