{
    "joint_values": [
        0,
        0,
        0,
        0,
        0,
        0,
        0,
        3510.514404296875,
        -73.76311492919922,
        48.88954544067383,
        -20.44147300720215,
        -32.63911437988281,
        112.1886215209961,
        65.62946319580078
    ],
    "joint_types": [
        2,
        0,
        0,
        0,
        0,
        0,
        0,
        2,
        0,
        0,
        0,
        0,
        0,
        0
    ],
    "joint_names": [
        "r2_cart_joint",
        "r2_joint_1",
        "r2_joint_2",
        "r2_joint_3",
        "r2_joint_4",
        "r2_joint_5",
        "r2_joint_6",
        "r1_cart_joint",
        "r1_joint_1",
        "r1_joint_2",
        "r1_joint_3",
        "r1_joint_4",
        "r1_joint_5",
        "r1_joint_6"
    ]
}