{
    "joint_values": [
        0,
        0,
        0,
        0,
        0,
        0,
        0,
        3899.660888671875,
        -94.79964447021484,
        17.148468017578125,
        -1.3642386198043823,
        -10.35728645324707,
        106.76297760009766,
        -234.61956787109375
    ],
    "joint_types": [
        2,
        0,
        0,
        0,
        0,
        0,
        0,
        2,
        0,
        0,
        0,
        0,
        0,
        0
    ],
    "joint_names": [
        "r2_cart_joint",
        "r2_joint_1",
        "r2_joint_2",
        "r2_joint_3",
        "r2_joint_4",
        "r2_joint_5",
        "r2_joint_6",
        "r1_cart_joint",
        "r1_joint_1",
        "r1_joint_2",
        "r1_joint_3",
        "r1_joint_4",
        "r1_joint_5",
        "r1_joint_6"
    ]
}