{
    "joint_values": [
        0,
        0,
        0,
        0,
        0,
        0,
        0,
        3510.514404296875,
        -70.0643539428711,
        11.133034706115723,
        10.278258323669434,
        -24.386186599731445,
        83.32037353515625,
        11.358948707580566
    ],
    "joint_types": [
        2,
        0,
        0,
        0,
        0,
        0,
        0,
        2,
        0,
        0,
        0,
        0,
        0,
        0
    ],
    "joint_names": [
        "r2_cart_joint",
        "r2_joint_1",
        "r2_joint_2",
        "r2_joint_3",
        "r2_joint_4",
        "r2_joint_5",
        "r2_joint_6",
        "r1_cart_joint",
        "r1_joint_1",
        "r1_joint_2",
        "r1_joint_3",
        "r1_joint_4",
        "r1_joint_5",
        "r1_joint_6"
    ]
}