{
    "joint_values": [
        0,
        0,
        0,
        0,
        0,
        0,
        0,
        3510.53173828125,
        -128.08592224121094,
        -8.128922462463379,
        37.32715606689453,
        41.6938362121582,
        74.24833679199219,
        -150.6996307373047
    ],
    "joint_types": [
        2,
        0,
        0,
        0,
        0,
        0,
        0,
        2,
        0,
        0,
        0,
        0,
        0,
        0
    ],
    "joint_names": [
        "r2_cart_joint",
        "r2_joint_1",
        "r2_joint_2",
        "r2_joint_3",
        "r2_joint_4",
        "r2_joint_5",
        "r2_joint_6",
        "r1_cart_joint",
        "r1_joint_1",
        "r1_joint_2",
        "r1_joint_3",
        "r1_joint_4",
        "r1_joint_5",
        "r1_joint_6"
    ]
}