{
    "joint_values": [
        0,
        0,
        0,
        0,
        0,
        0,
        0,
        3510.520751953125,
        -52.38002014160156,
        4.411874771118164,
        33.30110549926758,
        -49.8828010559082,
        86.49742889404297,
        -42.276939392089844
    ],
    "joint_types": [
        2,
        0,
        0,
        0,
        0,
        0,
        0,
        2,
        0,
        0,
        0,
        0,
        0,
        0
    ],
    "joint_names": [
        "r2_cart_joint",
        "r2_joint_1",
        "r2_joint_2",
        "r2_joint_3",
        "r2_joint_4",
        "r2_joint_5",
        "r2_joint_6",
        "r1_cart_joint",
        "r1_joint_1",
        "r1_joint_2",
        "r1_joint_3",
        "r1_joint_4",
        "r1_joint_5",
        "r1_joint_6"
    ]
}