{
    "joint_values": [
        0,
        0,
        0,
        0,
        0,
        0,
        0,
        3899.649658203125,
        -60.439208984375,
        -4.601925849914551,
        35.60909652709961,
        -34.76936340332031,
        95.41351318359375,
        -116.67991638183594
    ],
    "joint_types": [
        2,
        0,
        0,
        0,
        0,
        0,
        0,
        2,
        0,
        0,
        0,
        0,
        0,
        0
    ],
    "joint_names": [
        "r2_cart_joint",
        "r2_joint_1",
        "r2_joint_2",
        "r2_joint_3",
        "r2_joint_4",
        "r2_joint_5",
        "r2_joint_6",
        "r1_cart_joint",
        "r1_joint_1",
        "r1_joint_2",
        "r1_joint_3",
        "r1_joint_4",
        "r1_joint_5",
        "r1_joint_6"
    ]
}