{
    "joint_values": [
        0,
        0,
        0,
        0,
        0,
        0,
        0,
        3510.517822265625,
        -113.17182159423828,
        30.683143615722656,
        -11.101679801940918,
        25.542373657226562,
        98.32955932617188,
        61.4683837890625
    ],
    "joint_types": [
        2,
        0,
        0,
        0,
        0,
        0,
        0,
        2,
        0,
        0,
        0,
        0,
        0,
        0
    ],
    "joint_names": [
        "r2_cart_joint",
        "r2_joint_1",
        "r2_joint_2",
        "r2_joint_3",
        "r2_joint_4",
        "r2_joint_5",
        "r2_joint_6",
        "r1_cart_joint",
        "r1_joint_1",
        "r1_joint_2",
        "r1_joint_3",
        "r1_joint_4",
        "r1_joint_5",
        "r1_joint_6"
    ]
}