{
    "joint_values": [
        0,
        0,
        0,
        0,
        0,
        0,
        0,
        3899.657958984375,
        -107.3125228881836,
        -7.67449951171875,
        21.127988815307617,
        7.613143444061279,
        82.36884307861328,
        -277.22344970703125
    ],
    "joint_types": [
        2,
        0,
        0,
        0,
        0,
        0,
        0,
        2,
        0,
        0,
        0,
        0,
        0,
        0
    ],
    "joint_names": [
        "r2_cart_joint",
        "r2_joint_1",
        "r2_joint_2",
        "r2_joint_3",
        "r2_joint_4",
        "r2_joint_5",
        "r2_joint_6",
        "r1_cart_joint",
        "r1_joint_1",
        "r1_joint_2",
        "r1_joint_3",
        "r1_joint_4",
        "r1_joint_5",
        "r1_joint_6"
    ]
}