{
    "joint_values": [
        0,
        0,
        0,
        0,
        0,
        0,
        0,
        3510.517822265625,
        -64.70436096191406,
        16.746021270751953,
        15.812917709350586,
        -36.66652297973633,
        82.65520477294922,
        31.517852783203125
    ],
    "joint_types": [
        2,
        0,
        0,
        0,
        0,
        0,
        0,
        2,
        0,
        0,
        0,
        0,
        0,
        0
    ],
    "joint_names": [
        "r2_cart_joint",
        "r2_joint_1",
        "r2_joint_2",
        "r2_joint_3",
        "r2_joint_4",
        "r2_joint_5",
        "r2_joint_6",
        "r1_cart_joint",
        "r1_joint_1",
        "r1_joint_2",
        "r1_joint_3",
        "r1_joint_4",
        "r1_joint_5",
        "r1_joint_6"
    ]
}