{
    "joint_values": [
        0,
        0,
        0,
        0,
        0,
        0,
        0,
        3899.662841796875,
        -69.57147979736328,
        29.540176391601562,
        4.485038757324219,
        -21.94218635559082,
        105.3791275024414,
        26.569833755493164
    ],
    "joint_types": [
        2,
        0,
        0,
        0,
        0,
        0,
        0,
        2,
        0,
        0,
        0,
        0,
        0,
        0
    ],
    "joint_names": [
        "r2_cart_joint",
        "r2_joint_1",
        "r2_joint_2",
        "r2_joint_3",
        "r2_joint_4",
        "r2_joint_5",
        "r2_joint_6",
        "r1_cart_joint",
        "r1_joint_1",
        "r1_joint_2",
        "r1_joint_3",
        "r1_joint_4",
        "r1_joint_5",
        "r1_joint_6"
    ]
}