{
    "joint_values": [
        0,
        0,
        0,
        0,
        0,
        0,
        0,
        3899.65576171875,
        -134.70791625976562,
        7.915806770324707,
        20.9449520111084,
        33.30550003051758,
        92.40359497070312,
        -309.743408203125
    ],
    "joint_types": [
        2,
        0,
        0,
        0,
        0,
        0,
        0,
        2,
        0,
        0,
        0,
        0,
        0,
        0
    ],
    "joint_names": [
        "r2_cart_joint",
        "r2_joint_1",
        "r2_joint_2",
        "r2_joint_3",
        "r2_joint_4",
        "r2_joint_5",
        "r2_joint_6",
        "r1_cart_joint",
        "r1_joint_1",
        "r1_joint_2",
        "r1_joint_3",
        "r1_joint_4",
        "r1_joint_5",
        "r1_joint_6"
    ]
}