{
    "joint_values": [
        0,
        0,
        0,
        0,
        0,
        0,
        0,
        3510.525634765625,
        -84.4281997680664,
        -26.020992279052734,
        40.423946380615234,
        -23.377643585205078,
        60.37749481201172,
        -166.46629333496094
    ],
    "joint_types": [
        2,
        0,
        0,
        0,
        0,
        0,
        0,
        2,
        0,
        0,
        0,
        0,
        0,
        0
    ],
    "joint_names": [
        "r2_cart_joint",
        "r2_joint_1",
        "r2_joint_2",
        "r2_joint_3",
        "r2_joint_4",
        "r2_joint_5",
        "r2_joint_6",
        "r1_cart_joint",
        "r1_joint_1",
        "r1_joint_2",
        "r1_joint_3",
        "r1_joint_4",
        "r1_joint_5",
        "r1_joint_6"
    ]
}