{
    "joint_values": [
        0,
        0,
        0,
        0,
        0,
        0,
        0,
        3510.51318359375,
        -79.67829132080078,
        15.296531677246094,
        0.400032103061676,
        -16.940385818481445,
        84.55119323730469,
        95.98670196533203
    ],
    "joint_types": [
        2,
        0,
        0,
        0,
        0,
        0,
        0,
        2,
        0,
        0,
        0,
        0,
        0,
        0
    ],
    "joint_names": [
        "r2_cart_joint",
        "r2_joint_1",
        "r2_joint_2",
        "r2_joint_3",
        "r2_joint_4",
        "r2_joint_5",
        "r2_joint_6",
        "r1_cart_joint",
        "r1_joint_1",
        "r1_joint_2",
        "r1_joint_3",
        "r1_joint_4",
        "r1_joint_5",
        "r1_joint_6"
    ]
}