{
    "joint_values": [
        0,
        0,
        0,
        0,
        0,
        0,
        0,
        3510.51904296875,
        -53.7093620300293,
        13.617775917053223,
        27.515735626220703,
        -51.39873123168945,
        83.28304290771484,
        44.89052200317383
    ],
    "joint_types": [
        2,
        0,
        0,
        0,
        0,
        0,
        0,
        2,
        0,
        0,
        0,
        0,
        0,
        0
    ],
    "joint_names": [
        "r2_cart_joint",
        "r2_joint_1",
        "r2_joint_2",
        "r2_joint_3",
        "r2_joint_4",
        "r2_joint_5",
        "r2_joint_6",
        "r1_cart_joint",
        "r1_joint_1",
        "r1_joint_2",
        "r1_joint_3",
        "r1_joint_4",
        "r1_joint_5",
        "r1_joint_6"
    ]
}