{
    "joint_values": [
        0,
        0,
        0,
        0,
        0,
        0,
        0,
        3899.651123046875,
        -34.32994079589844,
        -32.26578903198242,
        66.77713775634766,
        -54.3069953918457,
        79.05996704101562,
        42.18346405029297
    ],
    "joint_types": [
        2,
        0,
        0,
        0,
        0,
        0,
        0,
        2,
        0,
        0,
        0,
        0,
        0,
        0
    ],
    "joint_names": [
        "r2_cart_joint",
        "r2_joint_1",
        "r2_joint_2",
        "r2_joint_3",
        "r2_joint_4",
        "r2_joint_5",
        "r2_joint_6",
        "r1_cart_joint",
        "r1_joint_1",
        "r1_joint_2",
        "r1_joint_3",
        "r1_joint_4",
        "r1_joint_5",
        "r1_joint_6"
    ]
}