{
    "joint_values": [
        0,
        0,
        0,
        0,
        0,
        0,
        0,
        3510.515869140625,
        -103.1875,
        20.775304794311523,
        -6.081874370574951,
        13.434157371520996,
        90.2486343383789,
        71.16213989257812
    ],
    "joint_types": [
        2,
        0,
        0,
        0,
        0,
        0,
        0,
        2,
        0,
        0,
        0,
        0,
        0,
        0
    ],
    "joint_names": [
        "r2_cart_joint",
        "r2_joint_1",
        "r2_joint_2",
        "r2_joint_3",
        "r2_joint_4",
        "r2_joint_5",
        "r2_joint_6",
        "r1_cart_joint",
        "r1_joint_1",
        "r1_joint_2",
        "r1_joint_3",
        "r1_joint_4",
        "r1_joint_5",
        "r1_joint_6"
    ]
}