{
    "joint_values": [
        0,
        0,
        0,
        0,
        0,
        0,
        0,
        3899.651123046875,
        -68.49981689453125,
        -46.7213249206543,
        42.969329833984375,
        -15.02958869934082,
        79.77896881103516,
        -18.65664291381836
    ],
    "joint_types": [
        2,
        0,
        0,
        0,
        0,
        0,
        0,
        2,
        0,
        0,
        0,
        0,
        0,
        0
    ],
    "joint_names": [
        "r2_cart_joint",
        "r2_joint_1",
        "r2_joint_2",
        "r2_joint_3",
        "r2_joint_4",
        "r2_joint_5",
        "r2_joint_6",
        "r1_cart_joint",
        "r1_joint_1",
        "r1_joint_2",
        "r1_joint_3",
        "r1_joint_4",
        "r1_joint_5",
        "r1_joint_6"
    ]
}