{
    "joint_values": [
        0,
        0,
        0,
        0,
        0,
        0,
        0,
        3510.538330078125,
        -91.35791778564453,
        -41.69967269897461,
        67.02373504638672,
        -2.129166841506958,
        21.250349044799805,
        -90.00054168701172
    ],
    "joint_types": [
        2,
        0,
        0,
        0,
        0,
        0,
        0,
        2,
        0,
        0,
        0,
        0,
        0,
        0
    ],
    "joint_names": [
        "r2_cart_joint",
        "r2_joint_1",
        "r2_joint_2",
        "r2_joint_3",
        "r2_joint_4",
        "r2_joint_5",
        "r2_joint_6",
        "r1_cart_joint",
        "r1_joint_1",
        "r1_joint_2",
        "r1_joint_3",
        "r1_joint_4",
        "r1_joint_5",
        "r1_joint_6"
    ]
}