{
    "joint_values": [
        0,
        0,
        0,
        0,
        0,
        0,
        0,
        3510.51318359375,
        -116.62226104736328,
        45.02271270751953,
        -16.9559383392334,
        27.587478637695312,
        111.87686157226562,
        127.83074951171875
    ],
    "joint_types": [
        2,
        0,
        0,
        0,
        0,
        0,
        0,
        2,
        0,
        0,
        0,
        0,
        0,
        0
    ],
    "joint_names": [
        "r2_cart_joint",
        "r2_joint_1",
        "r2_joint_2",
        "r2_joint_3",
        "r2_joint_4",
        "r2_joint_5",
        "r2_joint_6",
        "r1_cart_joint",
        "r1_joint_1",
        "r1_joint_2",
        "r1_joint_3",
        "r1_joint_4",
        "r1_joint_5",
        "r1_joint_6"
    ]
}