{
    "joint_names": [
        "r1_joint_5", 
        "r2_joint_2", 
        "r1_joint_3", 
        "r2_cart_joint", 
        "r3_joint_6", 
        "r1_cart_joint", 
        "r2_joint_5", 
        "r1_joint_2", 
        "r3_joint_3", 
        "r3_joint_1", 
        "r1_joint_1", 
        "r3_joint_4", 
        "r3_joint_2", 
        "r1_joint_4", 
        "r2_joint_3", 
        "r1_joint_6", 
        "r2_joint_1", 
        "r2_joint_6", 
        "r3_joint_5", 
        "r2_joint_4"
    ], 
    "joint_types": [
        0, 
        0, 
        0, 
        2, 
        0, 
        2, 
        0, 
        0, 
        0, 
        0, 
        0, 
        0, 
        0, 
        0, 
        0, 
        0, 
        0, 
        0, 
        0, 
        0
    ], 
    "joint_values": [
        2.0406907043643967, 
        0.6108652381980153, 
        -1.0091283252787921, 
        3.899, 
        -1.6981260539900211, 
        0.52983836585740662, 
        1.2042771838760873, 
        0.34827846322338285, 
        -0.25107534435605605, 
        0.22059053027703812, 
        0.61598316290949151, 
        -1.795139094686528, 
        -0.48537958674493797, 
        -1.9854980235299344, 
        -0.26179938779914941, 
        -2.336431633087813, 
        -1.5882496193148399, 
        -1.6231562043547265, 
        -1.2199434458307881, 
        0.0
    ]
}