{
    "joint_names": [
        "r1_joint_5", 
        "r2_joint_2", 
        "r1_joint_3", 
        "r2_cart_joint", 
        "r3_joint_6", 
        "r1_cart_joint", 
        "r2_joint_5", 
        "r1_joint_2", 
        "r3_joint_3", 
        "r3_joint_1", 
        "r1_joint_1", 
        "r3_joint_4", 
        "r3_joint_2", 
        "r1_joint_4", 
        "r2_joint_3", 
        "r1_joint_6", 
        "r2_joint_1", 
        "r2_joint_6", 
        "r3_joint_5", 
        "r2_joint_4"
    ], 
    "joint_types": [
        0, 
        0, 
        0, 
        2, 
        0, 
        2, 
        0, 
        0, 
        0, 
        0, 
        0, 
        0, 
        0, 
        0, 
        0, 
        0, 
        0, 
        0, 
        0, 
        0
    ], 
    "joint_values": [
        2.0406907043643967, 
        0.6108652381980153, 
        -1.0091283252787921, 
        3.899, 
        -1.5078456486312464, 
        0.52983836585740662, 
        1.2042771838760873, 
        0.34827846322338285, 
        -0.26719542716840583, 
        0.56829684075200615, 
        0.61598316290949151, 
        -1.5433002125849429, 
        -0.42010072946658611, 
        -1.9854980235299344, 
        -0.26179938779914941, 
        -2.336431633087813, 
        -1.5882496193148399, 
        -1.6231562043547265, 
        -0.87667595873822091, 
        0.0
    ]
}