{
    "joint_names": [
        "r1_joint_5", 
        "r2_joint_2", 
        "r1_joint_3", 
        "r2_cart_joint", 
        "r3_joint_6", 
        "r1_cart_joint", 
        "r2_joint_5", 
        "r1_joint_2", 
        "r3_joint_3", 
        "r3_joint_1", 
        "r1_joint_1", 
        "r3_joint_4", 
        "r3_joint_2", 
        "r1_joint_4", 
        "r2_joint_3", 
        "r1_joint_6", 
        "r2_joint_1", 
        "r2_joint_6", 
        "r3_joint_5", 
        "r2_joint_4"
    ], 
    "joint_types": [
        0, 
        0, 
        0, 
        2, 
        0, 
        2, 
        0, 
        0, 
        0, 
        0, 
        0, 
        0, 
        0, 
        0, 
        0, 
        0, 
        0, 
        0, 
        0, 
        0
    ], 
    "joint_values": [
        0.97730559882442058, 
        0.40167910469309531, 
        0.18432968722803816, 
        3.3778706380863963, 
        4.6645750736497709, 
        0.0131960391991339, 
        1.8201845904870322, 
        0.22133465518409778, 
        -1.2556064797061739, 
        -0.057601696433485436, 
        1.444500554406416, 
        -3.035185838256321, 
        0.17877981450825295, 
        -0.089647171228705205, 
        -0.67321997025543312, 
        -1.4507515350510329, 
        0.37122752509707324, 
        2.755524640233852, 
        -1.0218737684584589, 
        4.2906124451841317
    ]
}