{
    "joint_names": [
        "r1_joint_5", 
        "r2_joint_2", 
        "r1_joint_3", 
        "r2_cart_joint", 
        "r3_joint_6", 
        "r1_cart_joint", 
        "r2_joint_5", 
        "r1_joint_2", 
        "r3_joint_3", 
        "r3_joint_1", 
        "r1_joint_1", 
        "r3_joint_4", 
        "r3_joint_2", 
        "r1_joint_4", 
        "r2_joint_3", 
        "r1_joint_6", 
        "r2_joint_1", 
        "r2_joint_6", 
        "r3_joint_5", 
        "r2_joint_4"
    ], 
    "joint_types": [
        0, 
        0, 
        0, 
        2, 
        0, 
        2, 
        0, 
        0, 
        0, 
        0, 
        0, 
        0, 
        0, 
        0, 
        0, 
        0, 
        0, 
        0, 
        0, 
        0
    ], 
    "joint_values": [
        -0.099066896333091736, 
        0.40167910469309531, 
        -0.24765164211738314, 
        3.3778706380863963, 
        4.6645750736497709, 
        0.16619375117965668, 
        1.8201845904870322, 
        -0.34892657867710675, 
        -1.2556064797061739, 
        -0.057601696433485436, 
        0.16782712372063516, 
        -3.035185838256321, 
        0.17877981450825295, 
        -1.3924174884744338, 
        -0.67321997025543312, 
        0.3671091877889498, 
        0.37122752509707324, 
        2.755524640233852, 
        -1.0218737684584589, 
        4.2906124451841317
    ]
}