{
    "joint_names": [
        "r1_joint_5", 
        "r2_joint_2", 
        "r1_joint_3", 
        "r2_cart_joint", 
        "r3_joint_6", 
        "r1_cart_joint", 
        "r2_joint_5", 
        "r1_joint_2", 
        "r3_joint_3", 
        "r3_joint_1", 
        "r1_joint_1", 
        "r3_joint_4", 
        "r3_joint_2", 
        "r1_joint_4", 
        "r2_joint_3", 
        "r1_joint_6", 
        "r2_joint_1", 
        "r2_joint_6", 
        "r3_joint_5", 
        "r2_joint_4"
    ], 
    "joint_types": [
        0, 
        0, 
        0, 
        2, 
        0, 
        2, 
        0, 
        0, 
        0, 
        0, 
        0, 
        0, 
        0, 
        0, 
        0, 
        0, 
        0, 
        0, 
        0, 
        0
    ], 
    "joint_values": [
        0.88996035393230033, 
        0.40167910469309531, 
        0.1417665716968135, 
        3.3778706380863963, 
        4.6645750736497709, 
        0.025392078398267799, 
        1.8201845904870322, 
        0.18086992256904616, 
        -1.2556064797061739, 
        -0.057601696433485436, 
        1.3531113670578223, 
        -3.035185838256321, 
        0.17877981450825295, 
        -0.17929434245741041, 
        -0.67321997025543312, 
        -1.313253450787226, 
        0.37122752509707324, 
        2.755524640233852, 
        -1.0218737684584589, 
        4.2906124451841317
    ]
}