{
    "joint_names": [
        "r1_joint_5", 
        "r2_joint_2", 
        "r1_joint_3", 
        "r2_cart_joint", 
        "r3_joint_6", 
        "r1_cart_joint", 
        "r2_joint_5", 
        "r1_joint_2", 
        "r3_joint_3", 
        "r3_joint_1", 
        "r1_joint_1", 
        "r3_joint_4", 
        "r3_joint_2", 
        "r1_joint_4", 
        "r2_joint_3", 
        "r1_joint_6", 
        "r2_joint_1", 
        "r2_joint_6", 
        "r3_joint_5", 
        "r2_joint_4"
    ], 
    "joint_types": [
        0, 
        0, 
        0, 
        2, 
        0, 
        2, 
        0, 
        0, 
        0, 
        0, 
        0, 
        0, 
        0, 
        0, 
        0, 
        0, 
        0, 
        0, 
        0, 
        0
    ], 
    "joint_values": [
        0.85688907158916783, 
        0.07169119015027714, 
        -0.25557293857338037, 
        2.5823266177060007, 
        1.4320199794070994, 
        0.40738031680088421, 
        1.0005230696325955, 
        -0.55314303624279926, 
        -0.10370205738006028, 
        0.91205871552604023, 
        -0.098638698156437374, 
        0.19129551925838054, 
        -0.2343132470962617, 
        0.13587437335293562, 
        -0.69017660282100302, 
        -0.098943262290218131, 
        -0.84650593121801265, 
        -0.81096079050640879, 
        0.32516226367573242, 
        1.0968482002938071
    ]
}