{
	"class_name" : "ViewTrajectory",
	"interval" : 29,
	"is_loop" : false,
	"trajectory" : 
	[
		{
			"boundingbox_max" : [ 3.5146653442, 2.9504832031000001, 2.9202548828000001 ],
			"boundingbox_min" : [ 1.0464416504, 0.46461657709999998, 1.4360078125 ],
			"field_of_view" : 60.0,
			"front" : [ -0.69669053828825012, -0.65782908371563464, 0.28615239030537049 ],
			"lookat" : [ 1.1061406496387947, 0.55525791558836968, 2.7287534145281982 ],
			"up" : [ 0.15890800986710396, 0.24746286695953928, 0.95577736627116294 ],
			"zoom" : 0.41900000000000004
		}
	],
	"version_major" : 1,
	"version_minor" : 0
}