{
    "joint_names": [
        "r1_joint_5", 
        "r2_joint_2", 
        "r1_joint_3", 
        "r2_cart_joint", 
        "r3_joint_6", 
        "r1_cart_joint", 
        "r2_joint_5", 
        "r1_joint_2", 
        "r3_joint_3", 
        "r3_joint_1", 
        "r1_joint_1", 
        "r3_joint_4", 
        "r3_joint_2", 
        "r1_joint_4", 
        "r2_joint_3", 
        "r1_joint_6", 
        "r2_joint_1", 
        "r2_joint_6", 
        "r3_joint_5", 
        "r2_joint_4"
    ], 
    "joint_types": [
        0, 
        0, 
        0, 
        2, 
        0, 
        2, 
        0, 
        0, 
        0, 
        0, 
        0, 
        0, 
        0, 
        0, 
        0, 
        0, 
        0, 
        0, 
        0, 
        0
    ], 
    "joint_values": [
        1.064650843716541, 
        -0.23561034525190819, 
        0.22689280275926285, 
        2.1288671598757172, 
        -1.5407566038814737, 
        0.001, 
        1.3232686067353601, 
        0.26179938779914941, 
        0.99213886324178424, 
        0.46996018176918386, 
        1.5358897417550099, 
        -2.3920635166798387, 
        -0.4344997811238368, 
        0.0, 
        0.7830367113635408, 
        -1.5882496193148399, 
        -1.2797663157949988, 
        -0.88530105770652501, 
        0.65361098608343182, 
        1.7254565865007616
    ]
}