{
    "joint_names": [
        "r1_joint_5", 
        "r2_joint_2", 
        "r1_joint_3", 
        "r2_cart_joint", 
        "r3_joint_6", 
        "r1_cart_joint", 
        "r2_joint_5", 
        "r1_joint_2", 
        "r3_joint_3", 
        "r3_joint_1", 
        "r1_joint_1", 
        "r3_joint_4", 
        "r3_joint_2", 
        "r1_joint_4", 
        "r2_joint_3", 
        "r1_joint_6", 
        "r2_joint_1", 
        "r2_joint_6", 
        "r3_joint_5", 
        "r2_joint_4"
    ], 
    "joint_types": [
        0, 
        0, 
        0, 
        2, 
        0, 
        2, 
        0, 
        0, 
        0, 
        0, 
        0, 
        0, 
        0, 
        0, 
        0, 
        0, 
        0, 
        0, 
        0, 
        0
    ], 
    "joint_values": [
        0.57804913962260085, 
        0.6108652381980153, 
        -0.16957338323307516, 
        3.899, 
        4.6645750736497709, 
        0.27571175247590202, 
        1.2042771838760873, 
        0.11726100735915584, 
        -1.2556064797061739, 
        -0.057601696433485436, 
        1.638283100399385, 
        -3.035185838256321, 
        0.17877981450825295, 
        -0.27835091717628241, 
        -0.26179938779914941, 
        -1.6472873259358443, 
        -1.5882496193148399, 
        -1.6231562043547265, 
        -1.0218737684584589, 
        0.0
    ]
}