{
    "joint_names": [
        "r1_joint_5", 
        "r2_joint_2", 
        "r1_joint_3", 
        "r2_cart_joint", 
        "r3_joint_6", 
        "r1_cart_joint", 
        "r2_joint_5", 
        "r1_joint_2", 
        "r3_joint_3", 
        "r3_joint_1", 
        "r1_joint_1", 
        "r3_joint_4", 
        "r3_joint_2", 
        "r1_joint_4", 
        "r2_joint_3", 
        "r1_joint_6", 
        "r2_joint_1", 
        "r2_joint_6", 
        "r3_joint_5", 
        "r2_joint_4"
    ], 
    "joint_types": [
        0, 
        0, 
        0, 
        2, 
        0, 
        2, 
        0, 
        0, 
        0, 
        0, 
        0, 
        0, 
        0, 
        0, 
        0, 
        0, 
        0, 
        0, 
        0, 
        0
    ], 
    "joint_values": [
        0.16433770107052653, 
        0.6108652381980153, 
        0.43451607530032055, 
        3.899, 
        4.6645750736497709, 
        0.53222287821647296, 
        1.2042771838760873, 
        -0.41518885764513203, 
        -1.2556064797061739, 
        -0.057601696433485436, 
        0.29168166373930182, 
        -3.035185838256321, 
        0.17877981450825295, 
        -2.0333522100274828, 
        -0.26179938779914941, 
        0.41052837854610863, 
        -1.5882496193148399, 
        -1.6231562043547265, 
        -1.0218737684584589, 
        0.0
    ]
}