{
    "joint_values": [
        0.55272781848907471, 
        97.419395446777344, 
        -43.869480133056641, 
        45.583358764648438, 
        -4.4501147270202637, 
        67.846908569335938, 
        0.88105231523513794, 
        0, 
        0, 
        0, 
        0, 
        0, 
        0, 
        0
    ], 
    "joint_names": [
        "r2_cart_joint", 
        "r2_joint_1", 
        "r2_joint_2", 
        "r2_joint_3", 
        "r2_joint_4", 
        "r2_joint_5", 
        "r2_joint_6", 
        "r1_cart_joint", 
        "r1_joint_1", 
        "r1_joint_2", 
        "r1_joint_3", 
        "r1_joint_4", 
        "r1_joint_5", 
        "r1_joint_6"
    ], 
    "joint_types": [
        2, 
        0, 
        0, 
        0, 
        0, 
        0, 
        0, 
        2, 
        0, 
        0, 
        0, 
        0, 
        0, 
        0
    ]
}