{
    "joint_values": [
        723.7713623046875, 
        99.572540283203125, 
        9.2941322326660156, 
        5.058922290802002, 
        -14.248088836669922, 
        69.09222412109375, 
        26.912857055664063, 
        0, 
        0, 
        0, 
        0, 
        0, 
        0, 
        0
    ], 
    "joint_names": [
        "r2_cart_joint", 
        "r2_joint_1", 
        "r2_joint_2", 
        "r2_joint_3", 
        "r2_joint_4", 
        "r2_joint_5", 
        "r2_joint_6", 
        "r1_cart_joint", 
        "r1_joint_1", 
        "r1_joint_2", 
        "r1_joint_3", 
        "r1_joint_4", 
        "r1_joint_5", 
        "r1_joint_6"
    ], 
    "joint_types": [
        2, 
        0, 
        0, 
        0, 
        0, 
        0, 
        0, 
        2, 
        0, 
        0, 
        0, 
        0, 
        0, 
        0
    ]
}