{
    "joint_values": [
        0.59155350923538208, 
        112.55884552001953, 
        9.1654758453369141, 
        16.532907485961914, 
        -18.802288055419922, 
        97.124725341796875, 
        43.992019653320313, 
        0, 
        0, 
        0, 
        0, 
        0, 
        0, 
        0
    ], 
    "joint_names": [
        "r2_cart_joint", 
        "r2_joint_1", 
        "r2_joint_2", 
        "r2_joint_3", 
        "r2_joint_4", 
        "r2_joint_5", 
        "r2_joint_6", 
        "r1_cart_joint", 
        "r1_joint_1", 
        "r1_joint_2", 
        "r1_joint_3", 
        "r1_joint_4", 
        "r1_joint_5", 
        "r1_joint_6"
    ], 
    "joint_types": [
        2, 
        0, 
        0, 
        0, 
        0, 
        0, 
        0, 
        2, 
        0, 
        0, 
        0, 
        0, 
        0, 
        0
    ]
}