{
    "joint_values": [
        0.57633805274963379, 
        143.93965148925781, 
        4.7395601272583008, 
        48.797657012939453, 
        -47.866348266601563, 
        92.395606994628906, 
        60.121448516845703, 
        0, 
        0, 
        0, 
        0, 
        0, 
        0, 
        0
    ], 
    "joint_names": [
        "r2_cart_joint", 
        "r2_joint_1", 
        "r2_joint_2", 
        "r2_joint_3", 
        "r2_joint_4", 
        "r2_joint_5", 
        "r2_joint_6", 
        "r1_cart_joint", 
        "r1_joint_1", 
        "r1_joint_2", 
        "r1_joint_3", 
        "r1_joint_4", 
        "r1_joint_5", 
        "r1_joint_6"
    ], 
    "joint_types": [
        2, 
        0, 
        0, 
        0, 
        0, 
        0, 
        0, 
        2, 
        0, 
        0, 
        0, 
        0, 
        0, 
        0
    ]
}