{
    "joint_values": [
        723.7802734375, 
        92.364326477050781, 
        -30.421092987060547, 
        45.587619781494141, 
        -15.636670112609863, 
        41.998184204101563, 
        -64.411369323730469, 
        0, 
        0, 
        0, 
        0, 
        0, 
        0, 
        0
    ], 
    "joint_names": [
        "r2_cart_joint", 
        "r2_joint_1", 
        "r2_joint_2", 
        "r2_joint_3", 
        "r2_joint_4", 
        "r2_joint_5", 
        "r2_joint_6", 
        "r1_cart_joint", 
        "r1_joint_1", 
        "r1_joint_2", 
        "r1_joint_3", 
        "r1_joint_4", 
        "r1_joint_5", 
        "r1_joint_6"
    ], 
    "joint_types": [
        2, 
        0, 
        0, 
        0, 
        0, 
        0, 
        0, 
        2, 
        0, 
        0, 
        0, 
        0, 
        0, 
        0
    ]
}