{
    "joint_names": [
        "r1_joint_5", 
        "r2_joint_2", 
        "r1_joint_3", 
        "r2_cart_joint", 
        "r3_joint_6", 
        "r1_cart_joint", 
        "r2_joint_5", 
        "r1_joint_2", 
        "r3_joint_3", 
        "r3_joint_1", 
        "r1_joint_1", 
        "r3_joint_4", 
        "r3_joint_2", 
        "r1_joint_4", 
        "r2_joint_3", 
        "r1_joint_6", 
        "r2_joint_1", 
        "r2_joint_6", 
        "r3_joint_5", 
        "r2_joint_4"
    ], 
    "joint_types": [
        0, 
        0, 
        0, 
        2, 
        0, 
        2, 
        0, 
        0, 
        0, 
        0, 
        0, 
        0, 
        0, 
        0, 
        0, 
        0, 
        0, 
        0, 
        0, 
        0
    ], 
    "joint_values": [
        0.59098932837037776, 
        0.070408650687639171, 
        0.12076250577694517, 
        2.5840717749182938, 
        -6.2750184749205236, 
        0.13054401183740655, 
        0.99976705981834679, 
        0.093589489721092101, 
        -0.10231387573534548, 
        -0.0024110139028234831, 
        1.3859970974322, 
        3.1607320844176261, 
        -0.01784956704151305, 
        0.46658034277854699, 
        -0.68878706674147905, 
        -1.0843620585639404, 
        -0.84553039456977663, 
        -0.81064246918817562, 
        1.4508370984531258, 
        1.0961107007843325
    ]
}