{
    "joint_names": [
        "r1_joint_5", 
        "r2_joint_2", 
        "r1_joint_3", 
        "r2_cart_joint", 
        "r3_joint_6", 
        "r1_cart_joint", 
        "r2_joint_5", 
        "r1_joint_2", 
        "r3_joint_3", 
        "r3_joint_1", 
        "r1_joint_1", 
        "r3_joint_4", 
        "r3_joint_2", 
        "r1_joint_4", 
        "r2_joint_3", 
        "r1_joint_6", 
        "r2_joint_1", 
        "r2_joint_6", 
        "r3_joint_5", 
        "r2_joint_4"
    ], 
    "joint_types": [
        0, 
        0, 
        0, 
        2, 
        0, 
        2, 
        0, 
        0, 
        0, 
        0, 
        0, 
        0, 
        0, 
        0, 
        0, 
        0, 
        0, 
        0, 
        0, 
        0
    ], 
    "joint_values": [
        0.35415857069729628, 
        0.070408650687639171, 
        0.067697357285786325, 
        2.5840717749182938, 
        -6.2750184749205236, 
        0.19531601775610979, 
        0.99976705981834679, 
        0.009484540682063447, 
        -0.10231387573534548, 
        -0.0024110139028234831, 
        1.3110507752707952, 
        3.1607320844176261, 
        -0.01784956704151305, 
        0.69987051416782053, 
        -0.68878706674147905, 
        -0.83241827818849068, 
        -0.84553039456977663, 
        -0.81064246918817562, 
        1.4508370984531258, 
        1.0961107007843325
    ]
}