{
    "joint_names": [
        "r1_joint_5", 
        "r2_joint_2", 
        "r1_joint_3", 
        "r2_cart_joint", 
        "r3_joint_6", 
        "r1_cart_joint", 
        "r2_joint_5", 
        "r1_joint_2", 
        "r3_joint_3", 
        "r3_joint_1", 
        "r1_joint_1", 
        "r3_joint_4", 
        "r3_joint_2", 
        "r1_joint_4", 
        "r2_joint_3", 
        "r1_joint_6", 
        "r2_joint_1", 
        "r2_joint_6", 
        "r3_joint_5", 
        "r2_joint_4"
    ], 
    "joint_types": [
        0, 
        0, 
        0, 
        2, 
        0, 
        2, 
        0, 
        0, 
        0, 
        0, 
        0, 
        0, 
        0, 
        0, 
        0, 
        0, 
        0, 
        0, 
        0, 
        0
    ], 
    "joint_values": [
        -0.94841059650465231, 
        0.070408650687639171, 
        -0.22416095941558731, 
        2.5840717749182938, 
        -6.2750184749205236, 
        0.55156205030897776, 
        0.99976705981834679, 
        -0.45309267903259415, 
        -0.10231387573534548, 
        -0.0024110139028234831, 
        0.89884600338306797, 
        3.1607320844176261, 
        -0.01784956704151305, 
        1.9829664568088248, 
        -0.68878706674147905, 
        0.55327251387648269, 
        -0.84553039456977663, 
        -0.81064246918817562, 
        1.4508370984531258, 
        1.0961107007843325
    ]
}