{
    "joint_names": [
        "r1_joint_5", 
        "r2_joint_2", 
        "r1_joint_3", 
        "r2_cart_joint", 
        "r3_joint_6", 
        "r1_cart_joint", 
        "r2_joint_5", 
        "r1_joint_2", 
        "r3_joint_3", 
        "r3_joint_1", 
        "r1_joint_1", 
        "r3_joint_4", 
        "r3_joint_2", 
        "r1_joint_4", 
        "r2_joint_3", 
        "r1_joint_6", 
        "r2_joint_1", 
        "r2_joint_6", 
        "r3_joint_5", 
        "r2_joint_4"
    ], 
    "joint_types": [
        0, 
        0, 
        0, 
        2, 
        0, 
        2, 
        0, 
        0, 
        0, 
        0, 
        0, 
        0, 
        0, 
        0, 
        0, 
        0, 
        0, 
        0, 
        0, 
        0
    ], 
    "joint_values": [
        -0.23791832348540787, 
        0.070408650687639171, 
        -0.064965513942110781, 
        2.5840717749182938, 
        -6.2750184749205236, 
        0.35724603255286802, 
        0.99976705981834679, 
        -0.20077783191550824, 
        -0.10231387573534548, 
        -0.0024110139028234831, 
        1.1236849698672828, 
        3.1607320844176261, 
        -0.01784956704151305, 
        1.2830959426410045, 
        -0.68878706674147905, 
        -0.20255882724986618, 
        -0.84553039456977663, 
        -0.81064246918817562, 
        1.4508370984531258, 
        1.0961107007843325
    ]
}