{
    "0": {
        "p_mid_xyz": [
            3.4948791233,
            0.6022254492,
            2.4084476929
        ],
        "p_x1_xyz": [
            3.496420185,
            0.5721392876,
            2.4084476929
        ],
        "p_y1_xyz": [
            3.4752332775,
            0.6016077998,
            2.4084476929
        ],
        "n_mid_xyz": [
            -0.04079393739209722,
            -0.33060921026442497,
            0.9428856795817734
        ]
    }
}