{
    "0": {
        "p_mid_xyz": [
            3.515510379,
            0.9126021967,
            1.3138865952
        ],
        "p_x1_xyz": [
            3.5147916863,
            0.9123182329,
            1.3639934435
        ],
        "p_y1_xyz": [
            3.5161398426,
            0.9025616018,
            1.3341233451
        ],
        "n_mid_xyz": [
            0.9686219851610007,
            0.24748086641421982,
            0.022905689721751686
        ]
    }
}