{
    "0": {
        "p_mid_xyz": [
            3.1263392721,
            0.5317734446,
            2.3734192769
        ],
        "p_x1_xyz": [
            3.1260078815,
            0.5925386728,
            2.3734192769
        ],
        "p_y1_xyz": [
            3.1361236282,
            0.5619999303,
            2.3734192769
        ],
        "n_mid_xyz": [
            0.16307065632722267,
            -0.3274231627314065,
            0.9306997547823744
        ]
    }
}