{
    "0": {
        "p_xyz": [
            3.5239507129,
            1.1518291895,
            1.7831784912
        ],
        "n_xyz": [
            0.9860182661991731,
            -0.1438934864275913,
            0.08403953406159118
        ]
    },
    "1": {
        "p_xyz": [
            3.5235678864,
            1.0794104078,
            1.4727250303
        ],
        "n_xyz": [
            0.9831692012218964,
            -0.10733897966331814,
            0.14783999869296605
        ]
    },
    "2": {
        "p_xyz": [
            3.5237037677,
            1.0148198666,
            1.1935706961
        ],
        "n_xyz": [
            0.9712694148218955,
            -0.2361389812178152,
            0.029565273226288324
        ]
    }
}