{
    "0": {
        "p_mid_xyz": [
            3.1461169767,
            1.7026989876,
            2.4954274144
        ],
        "p_x1_xyz": [
            3.1463926269,
            1.7813771322,
            2.497561084
        ],
        "p_y1_xyz": [
            3.1640689453,
            1.7312385254,
            2.4946347005
        ],
        "n_mid_xyz": [
            0.1393055850622161,
            0.1000825368853072,
            0.9851788871981956
        ]
    },
    "1": {
        "p_mid_xyz": [
            3.1461120661,
            1.4513547103,
            2.493748883
        ],
        "p_x1_xyz": [
            3.1464374508,
            1.6014919822,
            2.4944263827
        ],
        "p_y1_xyz": [
            3.164654075,
            1.5416224023,
            2.4941542218
        ],
        "n_mid_xyz": [
            0.30797302695219103,
            -0.2453430138098809,
            0.919216742800407
        ]
    }
}