{
    "0": {
        "p_mid_xyz": [
            3.4650980632,
            1.6916387533,
            2.2865918783
        ],
        "p_x1_xyz": [
            3.4650345459,
            1.6207944641,
            2.2865918783
        ],
        "p_y1_xyz": [
            3.4556976074,
            1.6199280762,
            2.2865918783
        ],
        "n_mid_xyz": [
            0.012954507351853956,
            -0.008378121266606591,
            0.999880986829589
        ]
    }
}