{
    "0": {
        "p_mid_xyz": [
            2.9056626325,
            0.7800202201,
            1.4344044189
        ],
        "p_x1_xyz": [
            2.8655687207,
            0.7804829712,
            1.5137142676
        ],
        "p_y1_xyz": [
            2.9159164895,
            0.7796011281,
            1.4546443948
        ],
        "n_mid_xyz": [
            0.053367572534525315,
            0.9454694591675048,
            0.32130889185218414
        ]
    }
}