{
    "0": {
        "p_mid_xyz": [
            3.5144056623,
            2.2711960088,
            2.4612005389
        ],
        "p_x1_xyz": [
            3.5144253772,
            2.3414547751,
            2.4613651923
        ],
        "p_y1_xyz": [
            3.5145335315,
            2.320918718,
            2.4813131819
        ],
        "n_mid_xyz": [
            0.9983168578696933,
            -0.01989351212812266,
            0.0544765956020655
        ]
    }
}