{
    "0": {
        "p_mid_xyz": [
            3.1308987242,
            0.8317835615,
            1.5335757576
        ],
        "p_x1_xyz": [
            3.1323843045,
            0.8326370171,
            1.693803399
        ],
        "p_y1_xyz": [
            3.132271286,
            0.8122000542,
            1.6538625908
        ],
        "n_mid_xyz": [
            0.9995438346070779,
            0.028468570895338743,
            0.010082815586717518
        ]
    }
}