{
    "0": {
        "p_mid_xyz": [
            3.5156856396,
            0.8335055469,
            1.4941240137
        ],
        "p_x1_xyz": [
            3.5139297039,
            0.7996604139,
            1.8837763585
        ],
        "p_y1_xyz": [
            3.5145359947,
            0.8424958829,
            2.2338713404
        ],
        "n_mid_xyz": [
            0.9999822090789644,
            0.0057649967144656495,
            0.0015317762357807906
        ]
    },
    "1": {
        "p_mid_xyz": [
            3.5159447595,
            0.8132063893,
            1.4744345232
        ],
        "p_x1_xyz": [
            3.5158883815,
            0.8425713649,
            1.8734803368
        ],
        "p_y1_xyz": [
            3.5151746184,
            0.8726800071,
            2.1635420979
        ],
        "n_mid_xyz": [
            0.9505996642272175,
            -0.3100327161134893,
            -0.015491717477210246
        ]
    },
    "2": {
        "p_mid_xyz": [
            3.5084520915,
            1.251952649,
            0.9538572647
        ],
        "p_x1_xyz": [
            3.5131224003,
            1.2725913063,
            1.5014077623
        ],
        "p_y1_xyz": [
            3.5129321696,
            1.2626855265,
            1.8133857727
        ],
        "n_mid_xyz": [
            0.8104847199289069,
            -0.5854315267554456,
            0.019607300746133836
        ]
    },
    "3": {
        "p_mid_xyz": [
            1.1157143907,
            0.8022971602,
            1.1335578872
        ],
        "p_x1_xyz": [
            1.1163148231,
            0.832613331,
            1.453828495
        ],
        "p_y1_xyz": [
            1.1127064921,
            0.805669927,
            1.7039951172
        ],
        "n_mid_xyz": [
            0.6228134398646857,
            -0.7822643962150072,
            -0.012877637139152028
        ]
    }
}