{
    "0": {
        "p_mid_xyz": [
            3.496017613,
            1.245314617,
            1.6128663156
        ],
        "p_x1_xyz": [
            3.4962062592,
            1.2453101543,
            1.7141256664
        ],
        "p_y1_xyz": [
            3.4757553267,
            1.244967718,
            1.6838055494
        ],
        "n_mid_xyz": [
            0.11071108809942572,
            -0.9933098626931063,
            0.032841614583385526
        ]
    }
}