{
    "0": {
        "p_mid_xyz": [
            3.5243704245,
            1.072361909,
            1.3739713219
        ],
        "p_x1_xyz": [
            3.5243373071,
            1.1025075565,
            1.4940046387
        ],
        "p_y1_xyz": [
            3.5241590473,
            1.0925793933,
            1.4236974539
        ],
        "n_mid_xyz": [
            0.996274495794807,
            -0.07834376809247116,
            0.036046955903043416
        ]
    }
}