{
    "joint_names": [
        "r1_joint_5", 
        "r2_joint_2", 
        "r1_joint_3", 
        "r2_cart_joint", 
        "r3_joint_6", 
        "r1_cart_joint", 
        "r2_joint_5", 
        "r1_joint_2", 
        "r3_joint_3", 
        "r3_joint_1", 
        "r1_joint_1", 
        "r3_joint_4", 
        "r3_joint_2", 
        "r1_joint_4", 
        "r2_joint_3", 
        "r1_joint_6", 
        "r2_joint_1", 
        "r2_joint_6", 
        "r3_joint_5", 
        "r2_joint_4"
    ], 
    "joint_types": [
        0, 
        0, 
        0, 
        2, 
        0, 
        2, 
        0, 
        0, 
        0, 
        0, 
        0, 
        0, 
        0, 
        0, 
        0, 
        0, 
        0, 
        0, 
        0, 
        0
    ], 
    "joint_values": [
        2.0406907043643967, 
        0.6108652381980153, 
        -1.0091283252787921, 
        3.899, 
        2.2320727221610044, 
        0.52983836585740662, 
        1.2042771838760873, 
        0.34827846322338285, 
        0.12527677974582274, 
        0.039134938816826365, 
        0.61598316290949151, 
        -0.34024659211532193, 
        -0.13368936322237407, 
        -1.9854980235299344, 
        -0.26179938779914941, 
        -2.336431633087813, 
        -1.5882496193148399, 
        -1.6231562043547265, 
        -1.6437171612828205, 
        0.0
    ]
}