{
    "joint_values": [
        128.76068115234375,
        119.6445083618164,
        22.614484786987305,
        -12.728257179260254,
        -28.60026741027832,
        98.98596954345703,
        -149.9297637939453,
        0,
        0,
        0,
        0,
        0,
        0,
        0,
        0,
        0,
        0,
        0,
        0,
        0
    ],
    "joint_types": [
        2,
        0,
        0,
        0,
        0,
        0,
        0,
        2,
        0,
        0,
        0,
        0,
        0,
        0,
        0,
        0,
        0,
        0,
        0,
        0
    ],
    "joint_names": [
        "r1_cart_joint",
        "r1_joint_1",
        "r1_joint_2",
        "r1_joint_3",
        "r1_joint_4",
        "r1_joint_5",
        "r1_joint_6",
        "r2_cart_joint",
        "r2_joint_1",
        "r2_joint_2",
        "r2_joint_3",
        "r2_joint_4",
        "r2_joint_5",
        "r2_joint_6",
        "r3_joint_1",
        "r3_joint_2",
        "r3_joint_3",
        "r3_joint_4",
        "r3_joint_5",
        "r3_joint_6"
    ]
}