{
    "joint_values": [
        128.8976287841797,
        99.8551254272461,
        -59.36286163330078,
        31.682266235351562,
        15.747239112854004,
        91.25263977050781,
        -130.48789978027344,
        0,
        0,
        0,
        0,
        0,
        0,
        0,
        0,
        0,
        0,
        0,
        0,
        0
    ],
    "joint_types": [
        2,
        0,
        0,
        0,
        0,
        0,
        0,
        2,
        0,
        0,
        0,
        0,
        0,
        0,
        0,
        0,
        0,
        0,
        0,
        0
    ],
    "joint_names": [
        "r1_cart_joint",
        "r1_joint_1",
        "r1_joint_2",
        "r1_joint_3",
        "r1_joint_4",
        "r1_joint_5",
        "r1_joint_6",
        "r2_cart_joint",
        "r2_joint_1",
        "r2_joint_2",
        "r2_joint_3",
        "r2_joint_4",
        "r2_joint_5",
        "r2_joint_6",
        "r3_joint_1",
        "r3_joint_2",
        "r3_joint_3",
        "r3_joint_4",
        "r3_joint_5",
        "r3_joint_6"
    ]
}