{
    "joint_names": [
        "r1_joint_5", 
        "r2_joint_2", 
        "r1_joint_3", 
        "r2_cart_joint", 
        "r3_joint_6", 
        "r1_cart_joint", 
        "r2_joint_5", 
        "r1_joint_2", 
        "r3_joint_3", 
        "r3_joint_1", 
        "r1_joint_1", 
        "r3_joint_4", 
        "r3_joint_2", 
        "r1_joint_4", 
        "r2_joint_3", 
        "r1_joint_6", 
        "r2_joint_1", 
        "r2_joint_6", 
        "r3_joint_5", 
        "r2_joint_4"
    ], 
    "joint_types": [
        0, 
        0, 
        0, 
        2, 
        0, 
        2, 
        0, 
        0, 
        0, 
        0, 
        0, 
        0, 
        0, 
        0, 
        0, 
        0, 
        0, 
        0, 
        0, 
        0
    ], 
    "joint_values": [
        1.507691448063087, 
        0.6108652381980153, 
        0.43933193755646499, 
        3.899, 
        0.73303828583761843, 
        3.3273176496497454, 
        1.2042771838760873, 
        -0.59036051462863115, 
        0.43633231299858238, 
        2.3038346126325151, 
        0.94587941479121462, 
        0.0, 
        0.10471975511965978, 
        -2.5861482854248132, 
        -0.26179938779914941, 
        -4.5509443245022592, 
        -1.5882496193148399, 
        -1.6231562043547265, 
        1.0122909661567112, 
        0.0
    ]
}