{
    "joint_names": [
        "r1_joint_5", 
        "r2_joint_2", 
        "r1_joint_3", 
        "r2_cart_joint", 
        "r3_joint_6", 
        "r1_cart_joint", 
        "r2_joint_5", 
        "r1_joint_2", 
        "r3_joint_3", 
        "r3_joint_1", 
        "r1_joint_1", 
        "r3_joint_4", 
        "r3_joint_2", 
        "r1_joint_4", 
        "r2_joint_3", 
        "r1_joint_6", 
        "r2_joint_1", 
        "r2_joint_6", 
        "r3_joint_5", 
        "r2_joint_4"
    ], 
    "joint_types": [
        0, 
        0, 
        0, 
        2, 
        0, 
        2, 
        0, 
        0, 
        0, 
        0, 
        0, 
        0, 
        0, 
        0, 
        0, 
        0, 
        0, 
        0, 
        0, 
        0
    ], 
    "joint_values": [
        2.0406907043643967, 
        -0.67106423736883081, 
        -1.0091283252787921, 
        3.2643218982072337, 
        0.30197379191074919, 
        0.52983836585740662, 
        -1.2483412228919013, 
        0.34827846322338285, 
        0.10528647373876038, 
        -0.013604754650103929, 
        0.61598316290949151, 
        0.83802775361770943, 
        -0.038159518988903351, 
        -1.9854980235299344, 
        0.34860911453973009, 
        -2.336431633087813, 
        -0.36661461074698032, 
        1.9885878564234105, 
        1.0384074340736067, 
        6.0669482447855277e-09
    ]
}