{
    "joint_names": [
        "r1_joint_5", 
        "r2_joint_2", 
        "r1_joint_3", 
        "r2_cart_joint", 
        "r3_joint_6", 
        "r1_cart_joint", 
        "r2_joint_5", 
        "r1_joint_2", 
        "r3_joint_3", 
        "r3_joint_1", 
        "r1_joint_1", 
        "r3_joint_4", 
        "r3_joint_2", 
        "r1_joint_4", 
        "r2_joint_3", 
        "r1_joint_6", 
        "r2_joint_1", 
        "r2_joint_6", 
        "r3_joint_5", 
        "r2_joint_4"
    ], 
    "joint_types": [
        0, 
        0, 
        0, 
        2, 
        0, 
        2, 
        0, 
        0, 
        0, 
        0, 
        0, 
        0, 
        0, 
        0, 
        0, 
        0, 
        0, 
        0, 
        0, 
        0
    ], 
    "joint_values": [
        2.0406907043643967, 
        0.33727192849387566, 
        -1.0091283252787921, 
        3.6112667783544481, 
        -3.0979143404545182, 
        0.52983836585740662, 
        0.47330452517406352, 
        0.34827846322338285, 
        -0.90873059349565155, 
        -0.059468622018443544, 
        0.61598316290949151, 
        3.1856696301681464, 
        0.45816285184896854, 
        -1.9854980235299344, 
        -0.03284876146964999, 
        -2.336431633087813, 
        -1.4148555660250615, 
        -1.3722487883107588, 
        1.167216534307836, 
        -0.00020008100924994154
    ]
}