{
    "joint_names": [
        "r1_joint_5", 
        "r2_joint_2", 
        "r1_joint_3", 
        "r2_cart_joint", 
        "r3_joint_6", 
        "r1_cart_joint", 
        "r2_joint_5", 
        "r1_joint_2", 
        "r3_joint_3", 
        "r3_joint_1", 
        "r1_joint_1", 
        "r3_joint_4", 
        "r3_joint_2", 
        "r1_joint_4", 
        "r2_joint_3", 
        "r1_joint_6", 
        "r2_joint_1", 
        "r2_joint_6", 
        "r3_joint_5", 
        "r2_joint_4"
    ], 
    "joint_types": [
        0, 
        0, 
        0, 
        2, 
        0, 
        2, 
        0, 
        0, 
        0, 
        0, 
        0, 
        0, 
        0, 
        0, 
        0, 
        0, 
        0, 
        0, 
        0, 
        0
    ], 
    "joint_values": [
        2.0406907043643967, 
        -0.48350800061854332, 
        -1.0091283252787921, 
        2.7480671134177914, 
        -3.0979143404545182, 
        0.52983836585740662, 
        -1.7196134509320078, 
        0.34827846322338285, 
        -0.90873059349565155, 
        -0.059468622018443544, 
        0.61598316290949151, 
        3.1856696301681464, 
        0.45816285184896854, 
        -1.9854980235299344, 
        0.65400311751884832, 
        -2.336431633087813, 
        -0.89467340615572588, 
        -0.61952654017885578, 
        1.167216534307836, 
        -0.00080032403699976614
    ]
}