{
    "joint_names": [
        "r1_joint_5", 
        "r2_joint_2", 
        "r1_joint_3", 
        "r2_cart_joint", 
        "r3_joint_6", 
        "r1_cart_joint", 
        "r2_joint_5", 
        "r1_joint_2", 
        "r3_joint_3", 
        "r3_joint_1", 
        "r1_joint_1", 
        "r3_joint_4", 
        "r3_joint_2", 
        "r1_joint_4", 
        "r2_joint_3", 
        "r1_joint_6", 
        "r2_joint_1", 
        "r2_joint_6", 
        "r3_joint_5", 
        "r2_joint_4"
    ], 
    "joint_types": [
        0, 
        0, 
        0, 
        2, 
        0, 
        2, 
        0, 
        0, 
        0, 
        0, 
        0, 
        0, 
        0, 
        0, 
        0, 
        0, 
        0, 
        0, 
        0, 
        0
    ], 
    "joint_values": [
        2.0406907043643967, 
        -0.67106423736883081, 
        -1.0091283252787921, 
        3.2643218982072337, 
        0.43022045479551307, 
        0.52983836585740662, 
        -1.2483412228919013, 
        0.34827846322338285, 
        0.45782166982256739, 
        0.90123610356734551, 
        0.61598316290949151, 
        -2.4124115745627348, 
        -0.34172605448794369, 
        -1.9854980235299344, 
        0.34860911453973009, 
        -2.336431633087813, 
        -0.36661461074698032, 
        1.9885878564234105, 
        0.68448502469561601, 
        6.0669482447855277e-09
    ]
}