{
    "point": [
        0.19397206871586992, 
        2.6306725776266404, 
        0.62743481411132351
    ], 
    "xaxis": [
        5.5511151231257827e-17, 
        1.0, 
        0.0
    ], 
    "yaxis": [
        0.77412456355579717, 
        -4.2972545719377318e-17, 
        -0.63303330094043753
    ]
}