{
    "point": [
        -0.76886357517119608, 
        3.0174643022849335, 
        0.27241024803888636
    ], 
    "xaxis": [
        -0.58778535169787105, 
        -0.80901692215268906, 
        -2.0816681711721685e-17
    ], 
    "yaxis": [
        -0.20389622216406203, 
        0.1481393149795589, 
        -0.9677195223537709
    ]
}