{
    "point": [
        -0.69963079660889926, 
        2.9671637313302748, 
        0.46801081810126055
    ], 
    "xaxis": [
        -0.58778535169787094, 
        -0.80901692215268917, 
        0.0
    ], 
    "yaxis": [
        -0.43660823858049358, 
        0.31721453537134808, 
        -0.84187183380415986
    ]
}