{
    "point": [
        0.335982271063201, 
        2.6306725776266404, 
        0.46801081810126055
    ], 
    "xaxis": [
        0.0, 
        1.0, 
        0.0
    ], 
    "yaxis": [
        0.53967751059982227, 
        0.0, 
        -0.84187183380415975
    ]
}