{
    "point": [
        -0.43983924034395683, 
        3.256514545914527, 
        0.27241024803888647
    ], 
    "xaxis": [
        -0.95105639026369104, 
        -0.30901738225963571, 
        0.0
    ], 
    "yaxis": [
        -0.077881531400001966, 
        0.23969437440661817, 
        -0.96771952235377101
    ]
}