{
    "point": [
        -0.43552269540611332, 
        2.7752779142343038, 
        0.7349666314054073
    ], 
    "xaxis": [
        -0.58778535169787094, 
        -0.80901692215268917, 
        5.5511151231257839e-17
    ], 
    "yaxis": [
        -0.75421378333062383, 
        0.54796853038718474, 
        -0.36179007551260434
    ]
}