{
    "point": [
        -0.36951101553068488, 
        3.0400668265808428, 
        0.62743481411132351
    ], 
    "xaxis": [
        -0.95105639026369115, 
        -0.30901738225963571, 
        -5.5511151231257827e-17
    ], 
    "yaxis": [
        -0.23921794617289541, 
        0.73623611302983183, 
        -0.63303330094043775
    ]
}