{
    "point": [
        -0.41339463651421871, 
        3.1751265370059119, 
        0.46801081810126055
    ], 
    "xaxis": [
        -0.95105639026369104, 
        -0.30901738225963565, 
        0.0
    ], 
    "yaxis": [
        -0.1667697315899539, 
        0.5132637451375619, 
        -0.84187183380415975
    ]
}