{
    "point": [
        -0.10347027813492482, 
        3.0400668726604563, 
        0.62743481411132329
    ], 
    "xaxis": [
        -0.95105649731040942, 
        0.30901705280397623, 
        5.5511151231257827e-17
    ], 
    "yaxis": [
        0.23921769113317673, 
        0.7362361958973257, 
        -0.63303330094043786
    ]
}