{
    "point": [
        0.22664952819764583, 
        2.9671638917667549, 
        0.46801081810126055
    ], 
    "xaxis": [
        -0.58778563194955513, 
        0.80901671853779533, 
        -2.775557561562892e-17
    ], 
    "yaxis": [
        0.43660812869411458, 
        0.31721468661687935, 
        -0.84187183380415975
    ]
}