{
    "point": [
        -0.16046704997295747, 
        2.8646488829721464, 
        0.73496663140540752
    ], 
    "xaxis": [
        -0.95105649731040931, 
        0.30901705280397634, 
        0.0
    ], 
    "yaxis": [
        0.28808411063740252, 
        0.88663153928722893, 
        -0.36179007551260456
    ]
}