{
    "joint_names": [
        "r1_joint_5", 
        "r2_joint_2", 
        "r1_joint_3", 
        "r2_cart_joint", 
        "r3_joint_6", 
        "r1_cart_joint", 
        "r2_joint_5", 
        "r1_joint_2", 
        "r3_joint_3", 
        "r3_joint_1", 
        "r1_joint_1", 
        "r3_joint_4", 
        "r3_joint_2", 
        "r1_joint_4", 
        "r2_joint_3", 
        "r1_joint_6", 
        "r2_joint_1", 
        "r2_joint_6", 
        "r3_joint_5", 
        "r2_joint_4"
    ], 
    "joint_types": [
        0, 
        0, 
        0, 
        2, 
        0, 
        2, 
        0, 
        0, 
        0, 
        0, 
        0, 
        0, 
        0, 
        0, 
        0, 
        0, 
        0, 
        0, 
        0, 
        0
    ], 
    "joint_values": [
        2.0406907043643967, 
        -0.16526647002431696, 
        -1.0091283252787921, 
        2.3801805423851881, 
        0.2966601524525132, 
        0.52983836585740662, 
        1.27066854101338, 
        0.34827846322338285, 
        0.083048675679638639, 
        0.58775633274477601, 
        0.61598316290949151, 
        -1.8051873738672144, 
        0.057505915602882436, 
        -1.9854980235299344, 
        -0.42969144531281289, 
        -2.336431633087813, 
        -1.238206702617328, 
        -0.9568869257715491, 
        0.58421591871412859, 
        1.419958414032112
    ]
}