{
    "joint_names": [
        "r1_joint_5", 
        "r2_joint_2", 
        "r1_joint_3", 
        "r2_cart_joint", 
        "r3_joint_6", 
        "r1_cart_joint", 
        "r2_joint_5", 
        "r1_joint_2", 
        "r3_joint_3", 
        "r3_joint_1", 
        "r1_joint_1", 
        "r3_joint_4", 
        "r3_joint_2", 
        "r1_joint_4", 
        "r2_joint_3", 
        "r1_joint_6", 
        "r2_joint_1", 
        "r2_joint_6", 
        "r3_joint_5", 
        "r2_joint_4"
    ], 
    "joint_types": [
        0, 
        0, 
        0, 
        2, 
        0, 
        2, 
        0, 
        0, 
        0, 
        0, 
        0, 
        0, 
        0, 
        0, 
        0, 
        0, 
        0, 
        0, 
        0, 
        0
    ], 
    "joint_values": [
        1.064650843716541, 
        0.6108652381980153, 
        0.22689280275926285, 
        3.899, 
        1.0947042948238941, 
        0.001, 
        1.2042771838760873, 
        0.26179938779914941, 
        0.25837545609728979, 
        2.2543077606065065, 
        1.5358897417550099, 
        0.53831794414657785, 
        0.018136336110178675, 
        0.0, 
        -0.26179938779914941, 
        -1.5882496193148399, 
        -1.5882496193148399, 
        -1.6231562043547265, 
        0.88747646320418505, 
        0.0
    ]
}