{
    "joint_names": [
        "r1_joint_5", 
        "r2_joint_2", 
        "r1_joint_3", 
        "r2_cart_joint", 
        "r3_joint_6", 
        "r1_cart_joint", 
        "r2_joint_5", 
        "r1_joint_2", 
        "r3_joint_3", 
        "r3_joint_1", 
        "r1_joint_1", 
        "r3_joint_4", 
        "r3_joint_2", 
        "r1_joint_4", 
        "r2_joint_3", 
        "r1_joint_6", 
        "r2_joint_1", 
        "r2_joint_6", 
        "r3_joint_5", 
        "r2_joint_4"
    ], 
    "joint_types": [
        0, 
        0, 
        0, 
        2, 
        0, 
        2, 
        0, 
        0, 
        0, 
        0, 
        0, 
        0, 
        0, 
        0, 
        0, 
        0, 
        0, 
        0, 
        0, 
        0
    ], 
    "joint_values": [
        1.4822634229298528, 
        0.07169119015027714, 
        0.7165876767343422, 
        2.5823266177060007, 
        5.5431395337679401, 
        0.9477066770701924, 
        1.0005230696325955, 
        -0.51330854966215744, 
        0.63375842050012887, 
        -0.62575013040468663, 
        1.1423347367190926, 
        -4.299732675528495, 
        -0.34989202056187124, 
        -2.7217177115516478, 
        -0.69017660282100302, 
        -3.8753689367271607, 
        -0.84650593121801265, 
        -0.81096079050640879, 
        0.67076670055865451, 
        1.0968482002938071
    ]
}