{
    "joint_names": [
        "r1_joint_5", 
        "r2_joint_2", 
        "r1_joint_3", 
        "r2_cart_joint", 
        "r3_joint_6", 
        "r1_cart_joint", 
        "r2_joint_5", 
        "r1_joint_2", 
        "r3_joint_3", 
        "r3_joint_1", 
        "r1_joint_1", 
        "r3_joint_4", 
        "r3_joint_2", 
        "r1_joint_4", 
        "r2_joint_3", 
        "r1_joint_6", 
        "r2_joint_1", 
        "r2_joint_6", 
        "r3_joint_5", 
        "r2_joint_4"
    ], 
    "joint_types": [
        0, 
        0, 
        0, 
        2, 
        0, 
        2, 
        0, 
        0, 
        0, 
        0, 
        0, 
        0, 
        0, 
        0, 
        0, 
        0, 
        0, 
        0, 
        0, 
        0
    ], 
    "joint_values": [
        1.5605657815323488, 
        0.07169119015027714, 
        0.80840546560466953, 
        2.5823266177060007, 
        5.5431395337679401, 
        1.1252141790208534, 
        1.0005230696325955, 
        -0.65864128793615251, 
        0.63375842050012887, 
        -0.62575013040468663, 
        1.068543173274858, 
        -4.299732675528495, 
        -0.34989202056187124, 
        -3.2320397824675817, 
        -0.69017660282100302, 
        -4.3042038087419705, 
        -0.84650593121801265, 
        -0.81096079050640879, 
        0.67076670055865451, 
        1.0968482002938071
    ]
}