{
    "joint_names": [
        "r1_joint_5", 
        "r2_joint_2", 
        "r1_joint_3", 
        "r2_cart_joint", 
        "r3_joint_6", 
        "r1_cart_joint", 
        "r2_joint_5", 
        "r1_joint_2", 
        "r3_joint_3", 
        "r3_joint_1", 
        "r1_joint_1", 
        "r3_joint_4", 
        "r3_joint_2", 
        "r1_joint_4", 
        "r2_joint_3", 
        "r1_joint_6", 
        "r2_joint_1", 
        "r2_joint_6", 
        "r3_joint_5", 
        "r2_joint_4"
    ], 
    "joint_types": [
        0, 
        0, 
        0, 
        2, 
        0, 
        2, 
        0, 
        0, 
        0, 
        0, 
        0, 
        0, 
        0, 
        0, 
        0, 
        0, 
        0, 
        0, 
        0, 
        0
    ], 
    "joint_values": [
        1.2665425768502363, 
        0.07169119015027714, 
        0.47595048985465083, 
        2.5823266177060007, 
        2.7023791701463504, 
        0.59845274614545585, 
        1.0005230696325955, 
        -0.1121760814632623, 
        -1.0562176666609875, 
        -0.63926265262442405, 
        1.626886005102349, 
        3.9148918563596911, 
        0.17243602533931401, 
        -0.72022957040956759, 
        -0.69017660282100302, 
        -2.201919385802662, 
        -0.84650593121801265, 
        -0.81096079050640879, 
        -1.0384482304055995, 
        1.0968482002938071
    ]
}