{
    "joint_names": [
        "r1_joint_5", 
        "r2_joint_2", 
        "r1_joint_3", 
        "r2_cart_joint", 
        "r3_joint_6", 
        "r1_cart_joint", 
        "r2_joint_5", 
        "r1_joint_2", 
        "r3_joint_3", 
        "r3_joint_1", 
        "r1_joint_1", 
        "r3_joint_4", 
        "r3_joint_2", 
        "r1_joint_4", 
        "r2_joint_3", 
        "r1_joint_6", 
        "r2_joint_1", 
        "r2_joint_6", 
        "r3_joint_5", 
        "r2_joint_4"
    ], 
    "joint_types": [
        0, 
        0, 
        0, 
        2, 
        0, 
        2, 
        0, 
        0, 
        0, 
        0, 
        0, 
        0, 
        0, 
        0, 
        0, 
        0, 
        0, 
        0, 
        0, 
        0
    ], 
    "joint_values": [
        2.0406907043643967, 
        0.0069672557965128057, 
        -1.0091283252787921, 
        2.6442502817088327, 
        3.1497593898313054, 
        0.52983836585740662, 
        1.3356397748881885, 
        0.34827846322338285, 
        -0.10231345549692676, 
        -0.0024109582268561115, 
        0.61598316290949151, 
        0.019139595423766875, 
        -0.017849885440745252, 
        -1.9854980235299344, 
        0.15413103986074983, 
        -2.336431633087813, 
        -1.4175422271162226, 
        -2.8722991231375294, 
        -1.4508372531748062, 
        1.2216653472495569
    ]
}