{
	"class_name" : "ViewTrajectory",
	"interval" : 29,
	"is_loop" : false,
	"trajectory" : 
	[
		{
			"boundingbox_max" : [ 3.535510296, 2.9523693847999999, 2.9204763184 ],
			"boundingbox_min" : [ 1.046234375, 0.45600500490000001, 0.0279487712 ],
			"field_of_view" : 60.0,
			"front" : [ 0.58170598401824281, -0.50901221800239416, 0.63444835099608465 ],
			"lookat" : [ 2.76337473907647, 1.892921607861918, 1.4206354710366862 ],
			"up" : [ -0.51161587373294648, 0.37741814450343891, 0.77188389149149583 ],
			"zoom" : 1.0190000000000006
		}
	],
	"version_major" : 1,
	"version_minor" : 0
}