{
    "joint_names": [
        "r1_joint_5", 
        "r2_joint_2", 
        "r1_joint_3", 
        "r2_cart_joint", 
        "r3_joint_6", 
        "r1_cart_joint", 
        "r2_joint_5", 
        "r1_joint_2", 
        "r3_joint_3", 
        "r3_joint_1", 
        "r1_joint_1", 
        "r3_joint_4", 
        "r3_joint_2", 
        "r1_joint_4", 
        "r2_joint_3", 
        "r1_joint_6", 
        "r2_joint_1", 
        "r2_joint_6", 
        "r3_joint_5", 
        "r2_joint_4"
    ], 
    "joint_types": [
        0, 
        0, 
        0, 
        2, 
        0, 
        2, 
        0, 
        0, 
        0, 
        0, 
        0, 
        0, 
        0, 
        0, 
        0, 
        0, 
        0, 
        0, 
        0, 
        0
    ], 
    "joint_values": [
        1.7840558816412204, 
        0.6108652381980153, 
        -1.5659307541605676, 
        3.899, 
        4.6645750736497709, 
        0.77938580303582339, 
        1.2042771838760873, 
        0.53315965327997517, 
        -1.2556064797061739, 
        -0.057601696433485436, 
        0.77502462265180783, 
        -3.035185838256321, 
        0.17877981450825295, 
        -1.887850200001743, 
        -0.26179938779914941, 
        -5.6580376670608512, 
        -1.5882496193148399, 
        -1.6231562043547265, 
        -1.0218737684584589, 
        0.0
    ]
}