{
    "joint_names": [
        "r1_joint_5", 
        "r2_joint_2", 
        "r1_joint_3", 
        "r2_cart_joint", 
        "r3_joint_6", 
        "r1_cart_joint", 
        "r2_joint_5", 
        "r1_joint_2", 
        "r3_joint_3", 
        "r3_joint_1", 
        "r1_joint_1", 
        "r3_joint_4", 
        "r3_joint_2", 
        "r1_joint_4", 
        "r2_joint_3", 
        "r1_joint_6", 
        "r2_joint_1", 
        "r2_joint_6", 
        "r3_joint_5", 
        "r2_joint_4"
    ], 
    "joint_types": [
        0, 
        0, 
        0, 
        2, 
        0, 
        2, 
        0, 
        0, 
        0, 
        0, 
        0, 
        0, 
        0, 
        0, 
        0, 
        0, 
        0, 
        0, 
        0, 
        0
    ], 
    "joint_values": [
        1.7464752447991048, 
        0.6108652381980153, 
        -1.4023024497538732, 
        3.899, 
        4.6645750736497709, 
        0.62759736132922039, 
        1.2042771838760873, 
        0.49843479060349671, 
        -1.2556064797061739, 
        -0.057601696433485436, 
        0.95231629487232328, 
        -3.035185838256321, 
        0.17877981450825295, 
        -1.705447049020812, 
        -0.26179938779914941, 
        -5.177180818204044, 
        -1.5882496193148399, 
        -1.6231562043547265, 
        -1.0218737684584589, 
        0.0
    ]
}