{
    "joint_names": [
        "r1_joint_5", 
        "r2_joint_2", 
        "r1_joint_3", 
        "r2_cart_joint", 
        "r3_joint_6", 
        "r1_cart_joint", 
        "r2_joint_5", 
        "r1_joint_2", 
        "r3_joint_3", 
        "r3_joint_1", 
        "r1_joint_1", 
        "r3_joint_4", 
        "r3_joint_2", 
        "r1_joint_4", 
        "r2_joint_3", 
        "r1_joint_6", 
        "r2_joint_1", 
        "r2_joint_6", 
        "r3_joint_5", 
        "r2_joint_4"
    ], 
    "joint_types": [
        0, 
        0, 
        0, 
        2, 
        0, 
        2, 
        0, 
        0, 
        0, 
        0, 
        0, 
        0, 
        0, 
        0, 
        0, 
        0, 
        0, 
        0, 
        0, 
        0
    ], 
    "joint_values": [
        1.064650843716541, 
        -0.48366454373629414, 
        0.22689280275926285, 
        1.3209275933935412, 
        1.8712449680412706, 
        0.001, 
        1.2865578229645578, 
        0.26179938779914941, 
        0.50695690134048133, 
        1.2012317232829799, 
        1.5358897417550099, 
        -1.640138861438414, 
        -0.1729614130213202, 
        0.0, 
        0.9680951267889164, 
        -1.5882496193148399, 
        -1.248349024552315, 
        -1.2205137080671098, 
        1.3172292351149939, 
        1.7251544498269058
    ]
}