{
    "joint_names": [
        "r1_joint_5", 
        "r2_joint_2", 
        "r1_joint_3", 
        "r2_cart_joint", 
        "r3_joint_6", 
        "r1_cart_joint", 
        "r2_joint_5", 
        "r1_joint_2", 
        "r3_joint_3", 
        "r3_joint_1", 
        "r1_joint_1", 
        "r3_joint_4", 
        "r3_joint_2", 
        "r1_joint_4", 
        "r2_joint_3", 
        "r1_joint_6", 
        "r2_joint_1", 
        "r2_joint_6", 
        "r3_joint_5", 
        "r2_joint_4"
    ], 
    "joint_types": [
        0, 
        0, 
        0, 
        2, 
        0, 
        2, 
        0, 
        0, 
        0, 
        0, 
        0, 
        0, 
        0, 
        0, 
        0, 
        0, 
        0, 
        0, 
        0, 
        0
    ], 
    "joint_values": [
        1.064650843716541, 
        -0.48366454373629414, 
        0.22689280275926285, 
        1.3209275933935412, 
        0.98047452109928201, 
        0.001, 
        1.2865578229645578, 
        0.26179938779914941, 
        0.45168548437725609, 
        2.0641383323391378, 
        1.5358897417550099, 
        -0.35655192639965522, 
        0.044354283784664134, 
        0.0, 
        0.9680951267889164, 
        -1.5882496193148399, 
        -1.248349024552315, 
        -1.2205137080671098, 
        1.0785818941911205, 
        1.7251544498269058
    ]
}