{
    "joint_values": [
        0,
        0,
        0,
        0,
        0,
        0,
        0,
        437.2254943847656,
        26.081811904907227,
        -44.0742073059082,
        36.2262077331543,
        -5.069926738739014,
        60.20317459106445,
        -67.47539520263672
    ],
    "joint_types": [
        2,
        0,
        0,
        0,
        0,
        0,
        0,
        2,
        0,
        0,
        0,
        0,
        0,
        0
    ],
    "joint_names": [
        "r1_cart_joint",
        "r1_joint_1",
        "r1_joint_2",
        "r1_joint_3",
        "r1_joint_4",
        "r1_joint_5",
        "r1_joint_6",
        "r2_cart_joint",
        "r2_joint_1",
        "r2_joint_2",
        "r2_joint_3",
        "r2_joint_4",
        "r2_joint_5",
        "r2_joint_6"
    ]
}