{
    "joint_names": [
        "r1_joint_5", 
        "r2_joint_2", 
        "r1_joint_3", 
        "r2_cart_joint", 
        "r3_joint_6", 
        "r1_cart_joint", 
        "r2_joint_5", 
        "r1_joint_2", 
        "r3_joint_3", 
        "r3_joint_1", 
        "r1_joint_1", 
        "r3_joint_4", 
        "r3_joint_2", 
        "r1_joint_4", 
        "r2_joint_3", 
        "r1_joint_6", 
        "r2_joint_1", 
        "r2_joint_6", 
        "r3_joint_5", 
        "r2_joint_4"
    ], 
    "joint_types": [
        0, 
        0, 
        0, 
        2, 
        0, 
        2, 
        0, 
        0, 
        0, 
        0, 
        0, 
        0, 
        0, 
        0, 
        0, 
        0, 
        0, 
        0, 
        0, 
        0
    ], 
    "joint_values": [
        1.064650843716541, 
        0.32179731200531886, 
        0.22689280275926285, 
        3.4359380789243463, 
        -6.2750184749205236, 
        0.001, 
        1.208241845988655, 
        0.26179938779914941, 
        -0.10231387573534548, 
        -0.0024110139028234831, 
        1.5358897417550099, 
        3.1607320844176261, 
        -0.01784956704151305, 
        0.0, 
        -0.077416791755619663, 
        -1.5882496193148399, 
        -1.4874994605316174, 
        -1.1208787980298007, 
        1.4508370984531258, 
        0.4802905218643691
    ]
}